prefecture,capacity_kw,sheet,source_file,facility_id,address,latitude,longitude,matched_address
北海道,5010.0,認定設備,北海道.xlsx,A000107A01,北海道稚内市大字声問村766‐1,45.299824,141.834915,北海道稚内市声問村
北海道,30000.0,認定設備,北海道.xlsx,A513904A01,北海道白糠郡白糠町庶路甲区6-1181,42.993248,144.157822,北海道白糠町庶路甲区
北海道,8000.0,認定設備,北海道.xlsx,A514991A01,北海道標津郡標津町字川北2774-1,43.692074,144.978592,北海道標津町川北
北海道,15000.0,認定設備,北海道.xlsx,A515293A01,北海道白老郡白老町緑町703-2他,42.561798,141.335526,北海道白老町緑町７０３番地
北海道,19000.0,認定設備,北海道.xlsx,A515982A01,北海道苫小牧市勇払152及び148,42.655487,141.6754,北海道苫小牧市勇払１５２番地
北海道,20000.0,認定設備,北海道.xlsx,A515995A01,北海道釧路市音別町中音別40,42.943493,143.933945,北海道釧路市音別町中音別
北海道,79000.0,認定設備,北海道.xlsx,A516189A01,北海道勇払郡安平町遠浅779-11,42.727524,141.77681,北海道安平町遠浅
北海道,12000.0,認定設備,北海道.xlsx,A516353A01,北海道勇払郡むかわ町二宮275-7,42.630432,141.954956,北海道むかわ町二宮
北海道,38000.0,認定設備,北海道.xlsx,A516845A01,北海道苫小牧市字柏原53-1,42.677711,141.760132,北海道苫小牧市柏原
北海道,13000.0,認定設備,北海道.xlsx,A517276A01,北海道苫小牧市字勇払145-61,42.645561,141.681335,北海道苫小牧市勇払１４５番地
北海道,15750.0,認定設備,北海道.xlsx,A517993A01,北海道河西郡更別村字弘和477,42.610455,143.29364,北海道更別村弘和
北海道,12000.0,認定設備,北海道.xlsx,A518176A01,北海道勇払郡厚真町共和476-1,42.646053,141.827271,北海道厚真町共和
北海道,15000.0,認定設備,北海道.xlsx,A518502A01,北海道釧路市鶴野58-4,43.019344,144.297424,北海道釧路市鶴野５８番地
北海道,12000.0,認定設備,北海道.xlsx,A518718A01,北海道勇払郡安平町早来北町46-1,42.766827,141.797791,北海道安平町早来北町４６番地
北海道,6750.0,認定設備,北海道.xlsx,A518798A01,北海道岩見沢市上幌向町529番1,43.171299,141.700714,北海道岩見沢市上幌向町５２９番地
北海道,7000.0,認定設備,北海道.xlsx,A518823A01,北海道斜里郡小清水町字中里374-1,43.879158,144.489136,北海道小清水町中里
北海道,17000.0,認定設備,北海道.xlsx,A519279A01,北海道勇払郡むかわ町二宮418,42.630432,141.954956,北海道むかわ町二宮
北海道,21000.0,認定設備,北海道.xlsx,A519386A01,北海道苫小牧市字沼ノ端265-1,42.670681,141.710419,北海道苫小牧市沼ノ端
北海道,22000.0,認定設備,北海道.xlsx,A519403A01,北海道中川郡豊頃町茂岩49-5,42.797951,143.491257,北海道豊頃町茂岩
北海道,6000.0,認定設備,北海道.xlsx,A519454A01,北海道伊達市長和町53-6,42.481956,140.824921,北海道伊達市長和町５３番地
北海道,9000.0,認定設備,北海道.xlsx,A519472A01,北海道沙流郡日高町庫富23-1,42.531639,142.164246,北海道日高町庫富
北海道,28000.0,認定設備,北海道.xlsx,A519678A01,北海道千歳市柏台1388-3,42.813728,141.672729,北海道千歳市柏台１３８８番地
北海道,14500.0,認定設備,北海道.xlsx,A519705A01,北海道釧路郡釧路町字鳥通原野62-1,43.0723,144.417755,北海道釧路町鳥通原野
北海道,20000.0,認定設備,北海道.xlsx,A519807A01,北海道厚岸郡厚岸町尾幌3111,43.019634,144.695023,北海道厚岸町尾幌
北海道,25000.0,認定設備,北海道.xlsx,A520044A01,北海道苫小牧市美沢376,42.764805,141.647964,北海道苫小牧市美沢３７６番地
北海道,13000.0,認定設備,北海道.xlsx,A521819A01,北海道紋別市弘道2448-1,44.235462,143.443161,北海道紋別市弘道
北海道,17500.0,認定設備,北海道.xlsx,A523007A01,北海道上磯郡知内町字湯ノ里341,41.59845,140.28688,北海道知内町湯ノ里
北海道,12000.0,認定設備,北海道.xlsx,A523301A01,北海道虻田郡豊浦町字豊泉271-2,42.603523,140.667603,北海道豊浦町豊泉
北海道,20000.0,認定設備,北海道.xlsx,A523318A01,北海道標津郡中標津町東中12-18,43.572037,144.978485,北海道中標津町東中１２番地
北海道,17000.0,認定設備,北海道.xlsx,A523337A01,北海道日高郡新ひだか町三石西端300-1,42.303936,142.566391,北海道新ひだか町三石西端
北海道,18000.0,認定設備,北海道.xlsx,A523338A01,北海道登別市上登別町42-1,42.488953,141.123627,北海道登別市上登別町４２番地
北海道,26000.0,認定設備,北海道.xlsx,A524291A01,北海道釧路郡釧路町字遠野13-2,43.054165,144.494843,北海道釧路町遠野
北海道,6000.0,認定設備,北海道.xlsx,A525396A01,北海道阿寒郡鶴居村幌呂18番3,43.257984,144.225388,北海道鶴居村幌呂
北海道,59400.0,認定設備,北海道.xlsx,A540135A01,北海道釧路郡釧路町字トリトウシ原野74-10,43.068241,144.443985,北海道釧路町トリトウシ原野
北海道,48000.0,認定設備,北海道.xlsx,A540211A01,北海道勇払郡安平町早来源武331-1,42.716568,141.81308,北海道安平町早来源武
北海道,75000.0,認定設備,北海道.xlsx,A540216A01,北海道二海郡八雲町山崎379-1,42.312202,140.274826,北海道八雲町山崎
北海道,19970.0,認定設備,北海道.xlsx,A547715A01,北海道白老郡白老町竹浦228番,42.547085,141.167725,北海道白老町竹浦
北海道,9190.8,認定設備,北海道.xlsx,A553622A01,北海道北斗市茂辺地市ノ渡468-3,41.793282,140.567078,北海道北斗市茂辺地市ノ渡
北海道,12000.0,認定設備,北海道.xlsx,A624348101,北海道釧路市鶴野4-3,43.026932,144.295746,北海道釧路市鶴野４番地
北海道,9575.3,認定設備,北海道.xlsx,A625610101,北海道白糠郡白糠町庶路18-1,43.015823,144.172043,北海道白糠町庶路
北海道,13000.0,認定設備,北海道.xlsx,A625612101,北海道士別市川西町2320-37,44.140617,142.429459,北海道士別市川西町
北海道,9990.0,認定設備,北海道.xlsx,A626266101,北海道斜里郡斜里町字日の出50‐1,43.92807,144.867233,北海道斜里町日の出
北海道,13332.0,認定設備,北海道.xlsx,A626267101,北海道厚岸郡厚岸町尾幌2910,43.019634,144.695023,北海道厚岸町尾幌
北海道,13000.0,認定設備,北海道.xlsx,A628769101,北海道苫小牧市字高丘98‐18,42.678951,141.594406,北海道苫小牧市高丘
北海道,12000.0,認定設備,北海道.xlsx,A629171101,北海道釧路郡釧路町大字昆布森村字深山4‐1,42.984997,144.552872,北海道釧路町昆布森村
青森県,6000.0,認定設備,青森県.xlsx,A585397B02,青森県上北郡六戸町大字折茂字沖山10-45,40.639725,141.299927,青森県六戸町大字折茂沖山１０番地
青森県,7000.0,認定設備,青森県.xlsx,A589699B02,青森県八戸市北インター工業団地5 三井不動産八戸太陽光発電所,40.544792,141.432724,青森県八戸市北インター工業団地
青森県,115000.0,認定設備,青森県.xlsx,A591635B02,青森県上北郡六ヶ所村大字鷹架字道ノ上1他,40.933151,141.327988,青森県六ヶ所村大字鷹架道ノ上
青森県,7000.0,認定設備,青森県.xlsx,A592427B02,青森県三沢市大字三沢字淋代平101-1274,40.734207,141.358978,青森県三沢市大字三沢淋代平
青森県,6000.0,認定設備,青森県.xlsx,A593027B02,青森県三戸郡南部町大字鳥谷字飛鳥18-1,40.355652,141.368561,青森県南部町鳥谷
青森県,24480.0,認定設備,青森県.xlsx,A593498B02,青森県青森市大字新城字山田300-2,40.829132,140.657333,青森県青森市大字新城山田３００番地
青森県,51000.0,認定設備,青森県.xlsx,A593965B02,青森県上北郡六ヶ所村大字尾駮字上弥栄1-3,40.951202,141.298904,青森県六ヶ所村大字尾駮上尾駮
青森県,50000.0,認定設備,青森県.xlsx,A596400B02,青森県青森市大字新城字山田235-107,40.824158,140.646866,青森県青森市大字新城山田２３５番地
青森県,9000.0,認定設備,青森県.xlsx,A621660B02,青森県上北郡六戸町小松ケ丘5-77-1661,40.66547,141.332672,青森県六戸町小松ケ丘五丁目７７番地
青森県,10880.0,認定設備,青森県.xlsx,A628765B02,青森県上北郡七戸町字野崎狐久保106-111,40.7248,141.176773,青森県七戸町野崎狐久保
青森県,21760.0,認定設備,青森県.xlsx,A628775B02,青森県上北郡七戸町字卒古沢30(発電所),40.775612,141.175812,青森県七戸町卒古沢
青森県,23120.0,認定設備,青森県.xlsx,A628886B02,青森県上北郡七戸町字卒古沢120-1,40.775612,141.175812,青森県七戸町卒古沢
青森県,12240.0,認定設備,青森県.xlsx,A651402B02,青森県上北郡七戸町字高井名38-2,40.739937,141.12413,青森県七戸町高井名
青森県,6120.0,認定設備,青森県.xlsx,A651403B02,青森県上北郡七戸町字卒古沢5-1,40.775612,141.175812,青森県七戸町卒古沢
青森県,10880.0,認定設備,青森県.xlsx,A651404B02,青森県上北郡野辺地町字松ノ木113-11,40.849247,141.086517,青森県野辺地町松ノ木
青森県,8160.0,認定設備,青森県.xlsx,A651948B02,青森県上北郡七戸町字卒古沢5-1,40.775612,141.175812,青森県七戸町卒古沢
青森県,12240.0,認定設備,青森県.xlsx,A652505B02,青森県上北郡七戸町字手代森25-1,40.732246,141.150696,青森県七戸町手代森
青森県,7000.0,認定設備,青森県.xlsx,A653770B02,青森県三戸郡五戸町字地蔵岱15-2,40.514828,141.318176,青森県五戸町地蔵岱１５番地
青森県,15003.0,認定設備,青森県.xlsx,A654193B02,青森県上北郡七戸町字卒古沢72,40.775612,141.175812,青森県七戸町卒古沢
青森県,11200.0,認定設備,青森県.xlsx,A654200B02,青森県八戸市大字是川字久保田9-1,40.448154,141.4935,青森県八戸市是川
青森県,7500.0,認定設備,青森県.xlsx,A655314B02,青森県上北郡六戸町大字折茂字今熊248-16,40.64019,141.279541,青森県六戸町大字折茂今熊２４８番地
青森県,16500.0,認定設備,青森県.xlsx,A656666B02,青森県上北郡六戸町大字犬落瀬字坪毛沢100-1,40.636883,141.343826,青森県六戸町大字犬落瀬坪毛沢１００番地
青森県,16320.0,認定設備,青森県.xlsx,A667633B02,青森県青森市浪岡大字大釈迦字山本45-51,40.781464,140.582336,青森県青森市浪岡大釈迦
青森県,16320.0,認定設備,青森県.xlsx,A667634B02,青森県上北郡七戸町字天間舘倉越44-1,40.750332,141.105728,青森県七戸町天間舘倉越
青森県,12240.0,認定設備,青森県.xlsx,A674853B02,青森県三戸郡南部町大字剣吉字栗木山91-1,40.449417,141.322647,青森県南部町剣吉
青森県,10000.0,認定設備,青森県.xlsx,A674927B02,青森県上北郡東北町字塞ノ神18-2,40.815632,141.087311,青森県東北町塞ノ神
青森県,13000.0,認定設備,青森県.xlsx,A674931B02,青森県十和田市大字洞内字樋口78-125,40.649536,141.213516,青森県十和田市大字洞内樋口７８番地
岩手県,10000.0,認定設備,岩手県.xlsx,A583809B03,岩手県九戸郡洋野町種市第43地割100-63,40.389839,141.67952,岩手県洋野町種市
岩手県,20000.0,認定設備,岩手県.xlsx,A583811B03,岩手県九戸郡洋野町水沢第11地割字太田19-11,40.2388,141.629593,岩手県洋野町水沢
岩手県,10000.0,認定設備,岩手県.xlsx,A593028B03,岩手県奥州市江刺田原字根木町247-85,39.13385,141.254272,岩手県奥州市江刺田原
岩手県,20800.0,認定設備,岩手県.xlsx,A593039B03,岩手県一関市萩荘字栃倉南60-1,38.911182,141.032562,岩手県一関市萩荘
岩手県,18480.0,認定設備,岩手県.xlsx,A593529B03,岩手県岩手郡雫石町沼返19-46,39.72258,140.995987,岩手県雫石町沼返１９番地
岩手県,18000.0,認定設備,岩手県.xlsx,A593648B03,岩手県大船渡市日頃市町上甲子19-16,39.130634,141.679703,岩手県大船渡市日頃市町上宿
岩手県,10080.0,認定設備,岩手県.xlsx,A619980B03,岩手県西磐井郡平泉町平泉字黄金沢8,38.988693,141.072357,岩手県平泉町平泉
岩手県,19500.0,認定設備,岩手県.xlsx,A628817B03,岩手県九戸郡洋野町有家第9地割字黒坂107-11,40.313114,141.739441,岩手県洋野町有家
岩手県,7500.0,認定設備,岩手県.xlsx,A628834B03,岩手県滝沢市大石渡412-1,39.799118,141.095215,岩手県滝沢市大石渡
岩手県,11880.0,認定設備,岩手県.xlsx,A628856B03,岩手県奥州市前沢字石田98-1,39.047668,141.111847,岩手県奥州市前沢
岩手県,31520.0,認定設備,岩手県.xlsx,A628878B03,岩手県九戸郡軽米町大字小軽米第20地割字尊坊3-13,40.273403,141.548447,岩手県軽米町小軽米
岩手県,14480.0,認定設備,岩手県.xlsx,A630962B03,岩手県一関市萩荘字栃倉南60-4,38.911182,141.032562,岩手県一関市萩荘
岩手県,15000.0,認定設備,岩手県.xlsx,A647850B03,岩手県滝沢市後394,39.839043,141.094177,岩手県滝沢市後
岩手県,54345.6,認定設備,岩手県.xlsx,A647892B03,岩手県九戸郡軽米町大字山内第4地割字駒板111-1,40.298813,141.398163,岩手県軽米町山内
岩手県,33000.0,認定設備,岩手県.xlsx,A647893B03,岩手県九戸郡軽米町大字山内第4地割字駒板110-1,40.298813,141.398163,岩手県軽米町山内
岩手県,7920.0,認定設備,岩手県.xlsx,A647923B03,岩手県一関市花泉町金沢字有壁沢3-3,38.866306,141.190109,岩手県一関市花泉町金沢
岩手県,8000.0,認定設備,岩手県.xlsx,A647942B03,岩手県一関市厳美町字田代1-7,38.982391,140.889023,岩手県一関市厳美町
岩手県,9900.0,認定設備,岩手県.xlsx,A651406B03,岩手県九戸郡洋野町中野第1地割字下向95-1,40.29372,141.746048,岩手県洋野町中野
岩手県,20160.0,認定設備,岩手県.xlsx,A651903B03,岩手県宮古市津軽石第13地割351-1,39.5588,141.930695,岩手県宮古市津軽石第十三地割
岩手県,18750.0,認定設備,岩手県.xlsx,A651935B03,岩手県胆沢郡金ケ崎町永沢不同沢1,39.164055,141.064301,岩手県金ケ崎町永沢不同沢
岩手県,9900.0,認定設備,岩手県.xlsx,A651937B03,岩手県九戸郡洋野町種市第4地割字続石99-1,40.389839,141.67952,岩手県洋野町種市
岩手県,20000.0,認定設備,岩手県.xlsx,A651968B03,岩手県下閉伊郡山田町豊間根第11地割47-12,39.50584,141.868683,岩手県山田町豊間根
岩手県,6000.0,認定設備,岩手県.xlsx,A651973B03,岩手県八幡平市松尾寄木第1地割495-3,39.918625,141.013443,岩手県八幡平市松尾寄木
岩手県,10712.5,認定設備,岩手県.xlsx,A652495B03,岩手県九戸郡洋野町種市第74地割字松ヶ沢137-1,40.389839,141.67952,岩手県洋野町種市
岩手県,11255.4,認定設備,岩手県.xlsx,A652545B03,岩手県宮古市箱石第4地割41-35,39.611141,141.642502,岩手県宮古市箱石
岩手県,9520.0,認定設備,岩手県.xlsx,A654037B03,岩手県一関市厳美町字猿鼻48-2,38.982391,140.889023,岩手県一関市厳美町
岩手県,8500.0,認定設備,岩手県.xlsx,A654174B03,岩手県久慈市侍浜町堀切第11地割55-36,40.258045,141.774261,岩手県久慈市侍浜町
岩手県,40000.0,認定設備,岩手県.xlsx,A669686B03,岩手県盛岡市渋民字山屋22-1,39.856617,141.189987,岩手県盛岡市渋民山屋
岩手県,18000.0,認定設備,岩手県.xlsx,A674707B03,岩手県宮古市区界第2地割111番56,39.657532,141.376648,岩手県宮古市区界第二地割
岩手県,15180.0,認定設備,岩手県.xlsx,A675054B03,岩手県奥州市水沢区佐倉河字中半入川原2-1,39.14447,141.139084,岩手県奥州市
岩手県,34500.0,認定設備,岩手県.xlsx,A677517B03,岩手県遠野市小友町11地割159-2,39.250515,141.43959,岩手県遠野市小友町
岩手県,24000.0,認定設備,岩手県.xlsx,A677622B03,岩手県一関市大東町鳥海字安原1-129,39.091885,141.338638,岩手県一関市大東町鳥海
岩手県,36000.0,認定設備,岩手県.xlsx,A677804B03,岩手県九戸郡軽米町大字高家第4地割字湯沢53-3,40.348972,141.422653,岩手県軽米町高家
宮城県,9500.0,認定設備,宮城県.xlsx,A564008B04,宮城県石巻市大字泊浜字岸下山地内,38.353573,141.517563,宮城県石巻市泊浜
宮城県,21000.0,認定設備,宮城県.xlsx,A591038B04,宮城県岩沼市下野郷字新菱沼7-1他361筆,38.124722,140.917557,宮城県岩沼市下野郷新花立
宮城県,6930.0,認定設備,宮城県.xlsx,A591623B04,宮城県栗原市鶯沢南郷四ツ石1-2,38.813087,140.932312,宮城県栗原市鶯沢
宮城県,29476.0,認定設備,宮城県.xlsx,A591633B04,宮城県栗原市栗駒鳥沢油畑沢99-1,38.85751,141.004822,宮城県栗原市栗駒鳥沢
宮城県,14000.0,認定設備,宮城県.xlsx,A591636B04,宮城県伊具郡丸森町大内字青葉南212-189他,37.854107,140.821533,宮城県丸森町大内
宮城県,9520.0,認定設備,宮城県.xlsx,A593647B04,宮城県栗原市築館字照越狼ノ穴沢84-2,38.709225,141.00647,宮城県栗原市築館照越狼ノ穴沢
宮城県,40320.0,認定設備,宮城県.xlsx,A599447B04,宮城県大崎市岩出南沢字鳥屋山1-2他34筆,38.701878,140.924149,宮城県大崎市岩出山
宮城県,133625.0,認定設備,宮城県.xlsx,A608458B04,宮城県大崎市鳴子温泉鬼首字禿岳15-1,38.827175,140.635757,宮城県大崎市鳴子温泉鬼首
宮城県,41360.0,認定設備,宮城県.xlsx,A611781B04,宮城県柴田郡川崎町大字今宿字葭沢山1-34,38.204193,140.535721,宮城県川崎町今宿
宮城県,10500.0,認定設備,宮城県.xlsx,A614041B04,宮城県栗原市高清水大沢21‐1他22筆,38.660339,141.003647,宮城県栗原市高清水
宮城県,10000.0,認定設備,宮城県.xlsx,A620657B04,宮城県石巻市沼津字大林山1-3,38.453167,141.374786,宮城県石巻市沼津大林山１番地
宮城県,16000.0,認定設備,宮城県.xlsx,A627434B04,宮城県角田市小田字台133,37.95472,140.739471,宮城県角田市小田
宮城県,26250.0,認定設備,宮城県.xlsx,A627443B04,宮城県黒川郡大和町小野字長岫14-2,38.373161,140.831467,宮城県大和町小野長岫１４番地
宮城県,18900.0,認定設備,宮城県.xlsx,A627505B04,宮城県黒川郡大郷町大松沢字一ノ沢宅地6-1,38.478226,140.975327,宮城県大郷町大松沢
宮城県,7000.0,認定設備,宮城県.xlsx,A628763B04,宮城県刈田郡七ヶ宿町字烏川岳32-11,37.992992,140.44165,宮城県刈田郡七ヶ宿町
宮城県,22000.0,認定設備,宮城県.xlsx,A628781B04,宮城県白石市福岡深谷字芳ケ沢山1-1,38.061996,140.58725,宮城県白石市福岡深谷
宮城県,16000.0,認定設備,宮城県.xlsx,A628794B04,宮城県仙台市青葉区芋沢字横向山36-1,38.319557,140.764236,宮城県仙台市青葉区芋沢横向山
宮城県,36000.0,認定設備,宮城県.xlsx,A628833B04,宮城県黒川郡大和町鶴巣北目大崎字勝負沢39-1,38.406113,140.913452,宮城県大和町鶴巣北目大崎勝負沢
宮城県,135400.0,認定設備,宮城県.xlsx,A628842B04,宮城県白石市福岡深谷字下駄小屋沢1-1,38.03091,140.616287,宮城県白石市福岡深谷下舘
宮城県,38000.0,認定設備,宮城県.xlsx,A628843B04,宮城県仙台市太白区秋保町馬場字北山西33,38.314266,140.564575,宮城県仙台市太白区秋保町馬場
宮城県,31750.0,認定設備,宮城県.xlsx,A643058B04,宮城県仙台市青葉区大倉字向大倉山67-1,38.371906,140.658768,宮城県仙台市青葉区大倉
宮城県,12240.0,認定設備,宮城県.xlsx,A643069B04,宮城県栗原市築館字照越狼ノ穴沢84-5,38.709225,141.00647,宮城県栗原市築館照越狼ノ穴沢
宮城県,11000.0,認定設備,宮城県.xlsx,A647768B04,宮城県刈田郡七ヶ宿町字柏木山59-58,38.016308,140.472198,宮城県七ヶ宿町柏木山
宮城県,7000.0,認定設備,宮城県.xlsx,A647849B04,宮城県大崎市三本木桑折字芦ノ口山4-7,38.513176,140.952103,宮城県大崎市三本木桑折
宮城県,7920.0,認定設備,宮城県.xlsx,A651380B04,宮城県仙台市青葉区大倉字向大倉山103-1,38.371906,140.658768,宮城県仙台市青葉区大倉
宮城県,19000.0,認定設備,宮城県.xlsx,A651383B04,宮城県名取市下増田字前干揚4-7,38.161587,140.937943,宮城県名取市下増田前干揚
宮城県,40032.0,認定設備,宮城県.xlsx,A651386B04,宮城県宮城郡松島町初原字宮ノ入29-1,38.406929,141.051926,宮城県松島町初原宮ノ入
宮城県,21000.0,認定設備,宮城県.xlsx,A651388B04,宮城県遠田郡涌谷町成沢字大平19-1,38.563675,141.158875,宮城県涌谷町成沢
宮城県,6000.0,認定設備,宮城県.xlsx,A651392B04,宮城県白石市小原字塩花18,37.952137,140.545883,宮城県白石市小原
宮城県,30240.0,認定設備,宮城県.xlsx,A651907B04,宮城県大崎市三本木桑折字芦ノ口13,38.513176,140.952103,宮城県大崎市三本木桑折
宮城県,5000.0,認定設備,宮城県.xlsx,A651924B04,宮城県大崎市三本木伊賀字長久良辺8-7,38.496914,140.92984,宮城県大崎市三本木伊賀
宮城県,49300.0,認定設備,宮城県.xlsx,A651981B04,宮城県亘理郡亘理町字吉田東627,38.012089,140.904846,宮城県亘理町吉田東
宮城県,19800.0,認定設備,宮城県.xlsx,A652595B04,宮城県柴田郡川崎町大字支倉字若張6-2,38.183369,140.713776,宮城県川崎町支倉
宮城県,16380.0,認定設備,宮城県.xlsx,A653309B04,宮城県大崎市三本木町桑折字芦ノ口山4-9,38.529507,140.946976,宮城県大崎市三本木町浦
宮城県,7500.0,認定設備,宮城県.xlsx,A653780B04,宮城県塩竈市伊保石95-37,38.34539,141.017288,宮城県塩竈市伊保石９５番地
宮城県,30000.0,認定設備,宮城県.xlsx,A654012B04,宮城県仙台市青葉区芋沢字畑前北86,38.299026,140.711792,宮城県仙台市青葉区芋沢畑前
宮城県,23965.2,認定設備,宮城県.xlsx,A654036B04,宮城県伊具郡丸森町耕野字嶽22,37.922108,140.650925,宮城県丸森町耕野
宮城県,7500.0,認定設備,宮城県.xlsx,A654043B04,宮城県大崎市岩出山磯田菅刈場18-8,38.701878,140.924149,宮城県大崎市岩出山
宮城県,40000.0,認定設備,宮城県.xlsx,A654073B04,宮城県伊具郡丸森町筆甫字川平一48-5,37.826694,140.730835,宮城県丸森町筆甫
宮城県,9975.0,認定設備,宮城県.xlsx,A654202B04,宮城県栗原市栗駒猿飛来大長根2-22,38.816406,141.010391,宮城県栗原市栗駒猿飛来
宮城県,27000.0,認定設備,宮城県.xlsx,A654444B04,宮城県白石市福岡深谷字瘤岩2,38.061996,140.58725,宮城県白石市福岡深谷
宮城県,5661.0,認定設備,宮城県.xlsx,A654949B04,宮城県栗原市栗駒八幡館山3,38.804741,140.998901,宮城県栗原市栗駒八幡
宮城県,24000.0,認定設備,宮城県.xlsx,A657406B04,宮城県東松島市上下堤字宮田沢20-1,38.404236,141.115387,宮城県東松島市上下堤
宮城県,48000.0,認定設備,宮城県.xlsx,A668469B04,宮城県仙台市太白区秋保町長袋字摩賀院山75-3,38.267185,140.668427,宮城県仙台市太白区秋保町長袋
宮城県,9997.4,認定設備,宮城県.xlsx,A669499B04,宮城県大崎市三本木伊賀字長久良辺1-1,38.496914,140.92984,宮城県大崎市三本木伊賀
宮城県,7500.0,認定設備,宮城県.xlsx,A674625B04,宮城県柴田郡大河原町堤字北岸54-1,38.059338,140.693832,宮城県大河原町堤北岸
宮城県,20000.0,認定設備,宮城県.xlsx,A674888B04,宮城県気仙沼市本吉町下要害1,38.782024,141.450424,宮城県気仙沼市本吉町下要害
宮城県,11880.0,認定設備,宮城県.xlsx,A674980B04,宮城県大崎市三本木桑折字芦ノ口山4-4,38.513176,140.952103,宮城県大崎市三本木桑折
宮城県,9000.0,認定設備,宮城県.xlsx,A675040B04,宮城県宮城郡利府町森郷字内ノ目北6-1,38.356651,140.966507,宮城県利府町森郷内ノ目北
宮城県,39000.0,認定設備,宮城県.xlsx,A677505B04,宮城県仙台市青葉区新川字早坂11 他6筆,38.31076,140.604736,宮城県仙台市青葉区新川
宮城県,9750.0,認定設備,宮城県.xlsx,A677539B04,宮城県伊具郡丸森町字手掛橋東23-1,37.894814,140.726471,宮城県丸森町手掛橋東
宮城県,37500.0,認定設備,宮城県.xlsx,A677593B04,宮城県黒川郡大郷町大松沢字薬研沢堤下11-1,38.478226,140.975327,宮城県大郷町大松沢
宮城県,7500.0,認定設備,宮城県.xlsx,A677605B04,宮城県栗原市栗駒菱沼浦山84-215,38.796192,141.016663,宮城県栗原市栗駒菱沼
宮城県,24420.0,認定設備,宮城県.xlsx,A677667B04,宮城県気仙沼市本吉町漆原24-4,38.786022,141.448868,宮城県気仙沼市本吉町漆原
宮城県,16500.0,認定設備,宮城県.xlsx,A677668B04,宮城県気仙沼市本吉町泉沢124-2,38.771061,141.496277,宮城県気仙沼市本吉町泉沢
宮城県,29740.0,認定設備,宮城県.xlsx,A705915B04,宮城県柴田郡川崎町大字川内字百尋山2-1,38.210423,140.638489,宮城県川崎町川内
宮城県,20000.0,認定設備,宮城県.xlsx,A706225B04,宮城県柴田郡川崎町大字川内字百尋山2-8,38.210423,140.638489,宮城県川崎町川内
宮城県,12000.0,認定設備,宮城県.xlsx,A707206B04,宮城県宮城郡松島町根廻字前沢上12,38.404572,141.077621,宮城県松島町根廻前沢上
宮城県,13800.0,認定設備,宮城県.xlsx,A721990B04,宮城県黒川郡大和町学苑4-1,38.352749,140.837555,宮城県大和町学苑
宮城県,8400.0,認定設備,宮城県.xlsx,A724172B04,宮城県黒川郡大衡村大森字湯ノ沢7,38.475582,140.934448,宮城県大衡村大森
宮城県,49990.0,認定設備,宮城県.xlsx,A869549B04,宮城県加美郡加美町字芋沢薬来原1-2,38.580696,140.692429,宮城県加美町芋沢薬莱原
秋田県,9000.0,認定設備,秋田県.xlsx,A588194B05,秋田県にかほ市大竹字ササメキ15-2,39.225151,139.948486,秋田県にかほ市大竹
秋田県,9590.0,認定設備,秋田県.xlsx,A593534B05,秋田県にかほ市黒川字大谷地35-4,39.267982,139.933228,秋田県にかほ市黒川
秋田県,31680.0,認定設備,秋田県.xlsx,A608769B05,秋田県由利本荘市岩城二古字繋4-2,39.528889,140.080902,秋田県由利本荘市岩城二古
秋田県,15000.0,認定設備,秋田県.xlsx,A643021B05,秋田県大仙市協和船沢字木戸ケ沢1-1,39.646557,140.282272,秋田県大仙市協和船沢
秋田県,13860.0,認定設備,秋田県.xlsx,A647774B05,秋田県能代市浅内字大館南沢64-8,40.158558,140.020111,秋田県能代市浅内大館沢
秋田県,10000.0,認定設備,秋田県.xlsx,A651979B05,秋田県にかほ市黒川字大谷地35-4,39.267982,139.933228,秋田県にかほ市黒川
秋田県,12000.0,認定設備,秋田県.xlsx,A674626B05,秋田県秋田市河辺松渕字東沢78-1,39.646698,140.208496,秋田県秋田市河辺松渕
山形県,16000.0,認定設備,山形県.xlsx,A591613B06,山形県飽海郡遊佐町藤崎字茂り松154-1,39.008095,139.86557,山形県遊佐町藤崎
山形県,18158.0,認定設備,山形県.xlsx,A591643B06,山形県酒田市宮海字南浜1-117,38.963371,139.832184,山形県酒田市宮海南浜１番地
山形県,20000.0,認定設備,山形県.xlsx,A605172B06,山形県東置賜郡川西町大字大舟字桜ノ下305-4,37.936756,140.016281,山形県川西町大舟
山形県,49000.0,認定設備,山形県.xlsx,A617975B06,山形県東置賜郡川西町玉庭稲場下6984-1,37.926586,139.967133,山形県川西町玉庭
山形県,13860.0,認定設備,山形県.xlsx,A654002B06,山形県飽海郡遊佐町吉出字金俣4-1024,39.055763,140.001587,山形県遊佐町吉出
福島県,8000.0,認定設備,福島県.xlsx,A578719B07,福島県白河市大字萱根字金ヶ平1-1他,37.138054,140.231949,福島県白河市萱根金ケ平
福島県,24000.0,認定設備,福島県.xlsx,A581690B07,福島県白河市小田川石山1-1,37.160145,140.2444,福島県白河市小田川石山１番地
福島県,5500.0,認定設備,福島県.xlsx,A582285B07,福島県須賀川市前田川扇町1,37.251842,140.383652,福島県須賀川市前田川扇町１番地
福島県,11000.0,認定設備,福島県.xlsx,A583801B07,福島県西白河郡矢吹町明新原、明新西地内,37.176338,140.396393,福島県矢吹町明新原
福島県,17490.0,認定設備,福島県.xlsx,A584964B07,福島県西白河郡西郷村大字羽太字赤柴2-18,37.202126,140.11908,福島県西郷村羽太
福島県,22680.0,認定設備,福島県.xlsx,A585425B07,福島県いわき市常磐藤原町壱沢143,36.982468,140.816116,福島県いわき市常磐藤原町壱沢
福島県,9000.0,認定設備,福島県.xlsx,A585430B07,福島県いわき市小名浜字高山9番地8,36.943436,140.888748,福島県いわき市小名浜高山９番地
福島県,28000.0,認定設備,福島県.xlsx,A589692B07,福島県白河市大荻ヶ山1-1,37.11845,140.245209,福島県白河市大
福島県,15000.0,認定設備,福島県.xlsx,A589698B07,福島県西白河郡西郷村大字羽太字大沢2-2,37.167107,140.162903,福島県西郷村大字羽太大窪
福島県,39690.0,認定設備,福島県.xlsx,A591624B07,福島県相馬市坪田字大沢口389,37.760406,140.896652,福島県相馬市坪田大沢口
福島県,76500.0,認定設備,福島県.xlsx,A591630B07,福島県西白河郡西郷村小田倉字馬場坂196-8,37.131378,140.110184,福島県西郷村大字小田倉馬場坂
福島県,8000.0,認定設備,福島県.xlsx,A591634B07,福島県西白河郡矢吹町中畑南地内,37.163208,140.353424,福島県矢吹町中畑南
福島県,45500.0,認定設備,福島県.xlsx,A591637B07,福島県南相馬市鹿島区大内字南田31,37.678364,140.992661,福島県南相馬市鹿島区大内南舘下
福島県,24000.0,認定設備,福島県.xlsx,A591638B07,福島県南相馬市原町区下渋佐字南赤沼35-1,37.636818,141.012115,福島県南相馬市原町区下渋佐南谷地
福島県,32001.0,認定設備,福島県.xlsx,A593014B07,福島県白河市表郷小松大作山1,37.092117,140.29155,福島県白河市表郷小松大作山１番地
福島県,21000.0,認定設備,福島県.xlsx,A593019B07,福島県須賀川市狸森字長沢1,37.240082,140.453857,福島県須賀川市狸森
福島県,12000.0,認定設備,福島県.xlsx,A593026B07,福島県耶麻郡猪苗代町大字山潟字朴木山1015-1,37.472122,140.173126,福島県猪苗代町山潟
福島県,14080.0,認定設備,福島県.xlsx,A593255B07,福島県石川郡浅川町袖山五輪堂88-1他,37.063057,140.411285,福島県浅川町袖山
福島県,10000.0,認定設備,福島県.xlsx,A593497B07,福島県伊達郡国見町大字光明寺角力取場1-1,37.897152,140.587906,福島県国見町光明寺
福島県,13500.0,認定設備,福島県.xlsx,A593523B07,福島県福島市岡島字大戌ヶ森1-1,37.793839,140.521088,福島県福島市岡島大戌ケ森
福島県,21500.0,認定設備,福島県.xlsx,A593532B07,福島県いわき市田人町旅人字水呑場1,36.931637,140.636215,福島県いわき市田人町旅人
福島県,10000.0,認定設備,福島県.xlsx,A593639B07,福島県相馬郡飯舘村飯樋字花塚山1-2,37.651123,140.703857,福島県飯舘村飯樋
福島県,79860.0,認定設備,福島県.xlsx,A593979B07,福島県西白河郡西郷村小田倉黒森72,37.106571,140.139633,福島県西郷村大字小田倉黒川西
福島県,19976.0,認定設備,福島県.xlsx,A595433B07,福島県いわき市内郷高坂町おさケ作129-11,37.052757,140.848877,福島県いわき市内郷高坂町おさヶ作１２９番地
福島県,35000.0,認定設備,福島県.xlsx,A595710B07,福島県耶麻郡磐梯町大字更科字大音山2668-21,37.560616,140.007156,福島県磐梯町大字更科大曲
福島県,42500.0,認定設備,福島県.xlsx,A595810B07,福島県郡山市逢瀬町夏出字砂欠山1-7,37.449284,140.271866,福島県郡山市逢瀬町夏出
福島県,29700.0,認定設備,福島県.xlsx,A595944B07,福島県いわき市小川町上小川字中戸渡322,37.203075,140.835266,福島県いわき市小川町上小川
福島県,60000.0,認定設備,福島県.xlsx,A606650B07,福島県相馬市玉野字スゲカリ1-182,37.781307,140.702805,福島県相馬市玉野
福島県,43500.0,認定設備,福島県.xlsx,A614114B07,福島県相馬市磯部字芹谷地557,37.77581,140.979385,福島県相馬市磯部芹谷地
福島県,7000.0,認定設備,福島県.xlsx,A616717B07,福島県福島市松川町水原字室沢18,37.664352,140.388153,福島県福島市松川町水原
福島県,38933.4,認定設備,福島県.xlsx,A617976B07,福島県石川郡石川町大字中田字山桑240-8,37.155434,140.487228,福島県石川町大字中田
福島県,20000.0,認定設備,福島県.xlsx,A620045B07,福島県相馬市山上字大久原28,37.770828,140.82605,福島県相馬市山上
福島県,20000.0,認定設備,福島県.xlsx,A620662B07,福島県白河市萱根足洗場11-1,37.160282,140.220718,福島県白河市萱根足洗場１１番地
福島県,29397.5,認定設備,福島県.xlsx,A620678B07,福島県田村郡小野町大字小野山神字日向301-55,37.303123,140.558884,福島県小野町大字小野山神日向３０１番地
福島県,25000.0,認定設備,福島県.xlsx,A621297B07,福島県須賀川市狸森字長沢2-1,37.240082,140.453857,福島県須賀川市狸森
福島県,10000.0,認定設備,福島県.xlsx,A621683B07,福島県東白川郡塙町大字東河内権現44-4,36.997494,140.450439,福島県塙町東河内
福島県,10000.0,認定設備,福島県.xlsx,A623600B07,福島県白河市大信増見字蟹沢61-1,37.187664,140.214966,福島県白河市大信増見蟹沢
福島県,15000.0,認定設備,福島県.xlsx,A623611B07,福島県西白河郡西郷村大字羽太字姥ヒ処1,37.202126,140.11908,福島県西郷村羽太
福島県,11588.4,認定設備,福島県.xlsx,A626076B07,福島県田村郡小野町大字南田原井字河和久1-1,37.241287,140.662827,福島県小野町大字南田原井
福島県,22440.0,認定設備,福島県.xlsx,A628790B07,福島県二本松市西新殿太郎田212-1,37.53466,140.561829,福島県二本松市西新殿
福島県,28000.0,認定設備,福島県.xlsx,A628865B07,福島県田村郡小野町大字塩庭字平内102-1,37.256645,140.624969,福島県小野町大字塩庭平内
福島県,9975.0,認定設備,福島県.xlsx,A643142B07,福島県福島市山田字中森1,37.719444,140.427887,福島県福島市山田中井
福島県,9990.0,認定設備,福島県.xlsx,A643143B07,福島県西白河郡矢吹町寺内437-1,37.187386,140.3591,福島県矢吹町寺内
福島県,9966.0,認定設備,福島県.xlsx,A643149B07,福島県西白河郡矢吹町上の前117,37.1805,140.370941,福島県矢吹町上の前
福島県,12000.0,認定設備,福島県.xlsx,A646778B07,福島県郡山市熱海町玉川字天鏡平8,37.498722,140.311966,福島県郡山市熱海町玉川
福島県,21476.0,認定設備,福島県.xlsx,A647782B07,福島県白河市東下野出島字池ノ入42,37.107037,140.396393,福島県白河市東下野出島
福島県,20460.0,認定設備,福島県.xlsx,A647788B07,福島県会津若松市河東町八田字石ヶ坂28-9,37.539913,140.008774,福島県会津若松市河東町八田石ケ坂２８番地
福島県,6000.0,認定設備,福島県.xlsx,A647924B07,福島県南相馬市小高区大富字大穴244-7,37.566296,140.923874,福島県南相馬市小高区大富
福島県,34980.0,認定設備,福島県.xlsx,A647950B07,福島県本宮市青田字地蔵15-2,37.498867,140.359222,福島県本宮市青田地蔵
福島県,6500.0,認定設備,福島県.xlsx,A647952B07,福島県二本松市五月町1-13,37.535027,140.468933,福島県二本松市五月町一丁目
福島県,20000.0,認定設備,福島県.xlsx,A647958B07,福島県西白河郡矢吹町上の前437-1,37.1805,140.370941,福島県矢吹町上の前
福島県,11000.0,認定設備,福島県.xlsx,A647959B07,福島県南会津郡南会津町大久保42-1,37.10247,139.598022,福島県南会津町大久保
福島県,10000.0,認定設備,福島県.xlsx,A651391B07,福島県西白河郡矢吹町明新上4,37.17086,140.402649,福島県矢吹町明新上
福島県,26000.0,認定設備,福島県.xlsx,A652493B07,福島県南相馬市原町区小木迫向畑159,37.579838,140.992096,福島県南相馬市原町区小木迫向畑
福島県,44880.0,認定設備,福島県.xlsx,A652512B07,福島県白河市大信増見字舘ケ沢100,37.189548,140.229294,福島県白河市大信増見
福島県,28976.0,認定設備,福島県.xlsx,A652553B07,福島県いわき市勿来町窪田菅田113,36.883564,140.76709,福島県いわき市勿来町窪田菅田
福島県,28880.0,認定設備,福島県.xlsx,A652554B07,福島県西白河郡西郷村大字小田倉字谷津田1-2,37.137527,140.076233,福島県西郷村小田倉
福島県,18000.0,認定設備,福島県.xlsx,A652584B07,福島県西白河郡西郷村大字羽太字滝ノ沢4,37.202126,140.11908,福島県西郷村羽太
福島県,6930.0,認定設備,福島県.xlsx,A653793B07,福島県西白河郡矢吹町字南町559,37.220432,140.310822,福島県矢吹町南町
福島県,12000.0,認定設備,福島県.xlsx,A653794B07,福島県石川郡石川町大字塩沢字千穂1-1,37.170616,140.441544,福島県石川町塩沢
福島県,11390.0,認定設備,福島県.xlsx,A653991B07,福島県西白河郡西郷村大字小田倉字馬場坂54-34,37.131378,140.110184,福島県西郷村大字小田倉馬場坂
福島県,8000.0,認定設備,福島県.xlsx,A654022B07,福島県西白河郡泉崎村大字太田川字大高向1,37.174118,140.268997,福島県泉崎村太田川
福島県,80000.0,認定設備,福島県.xlsx,A654096B07,福島県福島市佐原字富士見164,37.715439,140.311569,福島県福島市佐原
福島県,34600.0,認定設備,福島県.xlsx,A654097B07,福島県福島市桜本字小富士平17,37.751572,140.40065,福島県福島市桜本小豆田
福島県,25000.0,認定設備,福島県.xlsx,A654123B07,福島県いわき市遠野町大平字上中根2-8,37.018085,140.704147,福島県いわき市遠野町大平
福島県,22500.0,認定設備,福島県.xlsx,A654136B07,福島県双葉郡富岡町大字本岡字上本町578,37.344177,140.975632,福島県富岡町大字本岡上本町５７８番地
福島県,27550.1,認定設備,福島県.xlsx,A654143B07,福島県双葉郡富岡町大字本岡字清水前327,37.362682,140.989471,福島県富岡町大字本岡清水前
福島県,14000.0,認定設備,福島県.xlsx,A654176B07,福島県双葉郡広野町大字折木字南沢219-2,37.19865,140.974396,福島県広野町折木
福島県,29700.0,認定設備,福島県.xlsx,A654210B07,福島県福島市松川町水原字扇平28,37.664352,140.388153,福島県福島市松川町水原
福島県,29700.0,認定設備,福島県.xlsx,A654211B07,福島県福島市松川町水原字はるご平74,37.664352,140.388153,福島県福島市松川町水原
福島県,8500.0,認定設備,福島県.xlsx,A654443B07,福島県福島市飯坂町字水割35,37.840969,140.430695,福島県福島市飯坂町
福島県,40320.0,認定設備,福島県.xlsx,A655573B07,福島県福島市在庭坂字金堀沢1-2,37.754608,140.343185,福島県福島市在庭坂
福島県,12000.0,認定設備,福島県.xlsx,A655809B07,福島県二本松市上長折字加藤木544-1,37.550247,140.53569,福島県二本松市上長折
福島県,19990.0,認定設備,福島県.xlsx,A656840B07,福島県東白川郡棚倉町大字瀬ケ野字戸沢145,37.036495,140.32515,福島県棚倉町瀬ヶ野
福島県,20000.0,認定設備,福島県.xlsx,A670565B07,福島県白河市表郷内松字清水久保17-1,37.07299,140.232269,福島県白河市表郷内松清水久保
福島県,18480.0,認定設備,福島県.xlsx,A671369B07,福島県相馬郡飯舘村松塚字小妻29-5,37.686134,140.720032,福島県飯舘村松塚
福島県,11400.0,認定設備,福島県.xlsx,A674761B07,福島県西白河郡西郷村大字羽太字牧ノ入1,37.202126,140.11908,福島県西郷村羽太
福島県,19999.0,認定設備,福島県.xlsx,A674932B07,福島県白河市表郷金山字正殿山1-1,37.048889,140.275742,福島県白河市表郷金山正殿山１番地
福島県,15000.0,認定設備,福島県.xlsx,A674943B07,福島県二本松市上長折字加藤木94,37.550247,140.53569,福島県二本松市上長折
福島県,9900.0,認定設備,福島県.xlsx,A675081B07,福島県南相馬市小高区川房字四ツ栗24-79,37.535877,140.946152,福島県南相馬市小高区川房四ツ栗２４番地
福島県,19800.0,認定設備,福島県.xlsx,A675087B07,福島県双葉郡富岡町上手岡字下千里923,37.368298,140.970688,福島県富岡町大字上手岡下千里
福島県,8575.0,認定設備,福島県.xlsx,A675101B07,福島県双葉郡大熊町大字大川原字西平1818,37.394081,140.954269,福島県大熊町大字大川原西平
福島県,11500.0,認定設備,福島県.xlsx,A677506B07,福島県双葉郡楢葉町大字波倉字細谷11,37.315331,141.011292,福島県楢葉町大字波倉細谷
福島県,25000.0,認定設備,福島県.xlsx,A677585B07,福島県東白川郡鮫川村大字青生野字江堀357,36.962429,140.552063,福島県鮫川村青生野
福島県,17000.0,認定設備,福島県.xlsx,A677589B07,福島県石川郡石川町字弥吾1,37.165413,140.449982,福島県石川町弥吾
福島県,7000.0,認定設備,福島県.xlsx,A677643B07,福島県東白川郡棚倉町大字寺山字久沢128-1,36.991535,140.402191,福島県棚倉町寺山
福島県,19200.0,認定設備,福島県.xlsx,A677644B07,福島県双葉郡富岡町大字上手岡字大木戸川原134,37.3652,140.960281,福島県富岡町大字上手岡大木戸川原
福島県,20000.0,認定設備,福島県.xlsx,A699300B07,福島県双葉郡楢葉町大字大谷字北林1-2,37.276829,140.972626,福島県楢葉町大字大谷
福島県,10000.0,認定設備,福島県.xlsx,A700695B07,福島県西白河郡西郷村大字小田倉字口無76他27筆,37.137527,140.076233,福島県西郷村小田倉
福島県,39960.0,認定設備,福島県.xlsx,A723100B07,福島県双葉郡浪江町大字谷津田字上新田21,37.472355,140.975174,福島県浪江町大字谷津田上新田２１番地
福島県,16000.0,認定設備,福島県.xlsx,A723254B07,福島県双葉郡川内村大字上川内字大津辺9-1,37.346073,140.769745,福島県川内村上川内
福島県,16000.0,認定設備,福島県.xlsx,A723259B07,福島県双葉郡川内村大字上川内字大中合501-2,37.346073,140.769745,福島県川内村上川内
福島県,20000.0,認定設備,福島県.xlsx,A724169B07,福島県双葉郡双葉町大字渋川字下江92,37.467033,140.989395,福島県双葉町大字渋川下江
福島県,20000.0,認定設備,福島県.xlsx,A724170B07,福島県双葉郡浪江町大字酒井字中酒井91,37.477043,140.986465,福島県浪江町酒井
福島県,16000.0,認定設備,福島県.xlsx,A724171B07,福島県双葉郡浪江町大字酒井字川原85,37.477043,140.986465,福島県浪江町酒井
福島県,7000.0,認定設備,福島県.xlsx,A724174B07,福島県南相馬市原町区小木迫字向畑150,37.579838,140.992096,福島県南相馬市原町区小木迫向畑
福島県,27000.0,認定設備,福島県.xlsx,A725350B07,福島県南相馬市原町区下江井字落合6-1,37.584892,141.012497,福島県南相馬市原町区下江井
福島県,27000.0,認定設備,福島県.xlsx,A725361B07,福島県南相馬市小高区井田川字北新田142,37.527061,141.019562,福島県南相馬市小高区井田川
福島県,27000.0,認定設備,福島県.xlsx,A725365B07,福島県南相馬市小高区福岡字堂田148-1,37.55386,141.012177,福島県南相馬市小高区福岡
福島県,80000.0,認定設備,福島県.xlsx,A725501B07,福島県郡山市熱海町上伊豆島字大松1-1,37.459572,140.293884,福島県郡山市熱海町上伊豆島
福島県,35000.0,認定設備,福島県.xlsx,A847547207,福島県福島市松川町水原字室沢45,37.664352,140.388153,福島県福島市松川町水原
福島県,21000.0,認定設備,福島県.xlsx,A847548207,福島県いわき市渡辺町上釜戸字上ノ代175-5,36.989929,140.785965,福島県いわき市渡辺町上釜戸
福島県,15000.0,認定設備,福島県.xlsx,A896979207,福島県石川郡石川町字一ノ沢12-1,37.16053,140.453613,福島県石川町一ノ沢
茨城県,17820.0,認定設備,茨城県.xlsx,AA37830C08,茨城県常陸大宮市北塩子白谷497-1他94筆,36.597775,140.352081,茨城県常陸大宮市北塩子
茨城県,5000.0,認定設備,茨城県.xlsx,AA39315C08,茨城県土浦市沢辺1503-1他,36.143181,140.165619,茨城県土浦市沢辺１５０３番地
茨城県,11250.0,認定設備,茨城県.xlsx,AA50867C08,茨城県つくばみらい市神生21,35.969112,140.080566,茨城県つくばみらい市神生２１番地
茨城県,12000.0,認定設備,茨城県.xlsx,AA67034C08,茨城県潮来市前川1298-1外,35.94944,140.588486,茨城県潮来市前川１２９８番地
茨城県,10000.0,認定設備,茨城県.xlsx,AA75914C08,茨城県神栖市東深芝15,35.905094,140.669357,茨城県神栖市東深芝１５番地
茨城県,30000.0,認定設備,茨城県.xlsx,AA91380C08,茨城県水戸市藤井町字十万原1440,36.452126,140.396484,茨城県水戸市藤井町
茨城県,20000.0,認定設備,茨城県.xlsx,AB02728C08,茨城県つくば市鍋沼新田字鍋沼453,36.059624,140.035828,茨城県つくば市鍋沼新田
茨城県,21980.0,認定設備,茨城県.xlsx,AB16059C08,茨城県行方市北浦1449-8,36.113037,140.509369,茨城県行方市北浦
茨城県,9450.0,認定設備,茨城県.xlsx,AB22579C08,茨城県日立市十王町山部字岩下331-3,36.691734,140.65419,茨城県日立市十王町山部
茨城県,10000.0,認定設備,茨城県.xlsx,AB24162C08,茨城県日立市十王町山部字岩下343‐1,36.691734,140.65419,茨城県日立市十王町山部
茨城県,26000.0,認定設備,茨城県.xlsx,AB28502C08,茨城県久慈郡大子町内大野166他,36.792904,140.424545,茨城県大子町内大野
茨城県,14000.0,認定設備,茨城県.xlsx,AC52141C08,茨城県神栖市砂山16-2,35.851543,140.724228,茨城県神栖市砂山１６番地
茨城県,20000.0,認定設備,茨城県.xlsx,AC63445C08,茨城県鉾田市青柳字大谷津2493-2,36.177132,140.457947,茨城県鉾田市青柳
茨城県,23990.0,認定設備,茨城県.xlsx,AD01251C08,茨城県日立市中深荻町2055-1,36.670605,140.558838,茨城県日立市中深荻町
茨城県,9240.0,認定設備,茨城県.xlsx,AD21737C08,茨城県稲敷市柴崎字後窪7599他,35.907612,140.301361,茨城県稲敷市柴崎
茨城県,12500.0,認定設備,茨城県.xlsx,AD25461C08,茨城県北茨城市磯原町大塚2802-1,36.798168,140.693085,茨城県北茨城市磯原町大塚
茨城県,13000.0,認定設備,茨城県.xlsx,AD36222C08,茨城県稲敷市佐倉字なめし90-12他80筆,35.984821,140.326584,茨城県稲敷市佐倉
茨城県,31476.0,認定設備,茨城県.xlsx,AD96613C08,茨城県常陸太田市上利員町2399,36.596249,140.442123,茨城県常陸太田市上利員町
茨城県,13000.0,認定設備,茨城県.xlsx,AD96888C08,茨城県かすみがうら市宍倉唐ロ2415-1,36.119965,140.294724,茨城県かすみがうら市宍倉
茨城県,6800.0,認定設備,茨城県.xlsx,AD96955C08,茨城県那珂郡東海村村松釜付1844-1,36.450245,140.587753,茨城県東海村村松
茨城県,28560.0,認定設備,茨城県.xlsx,AD96956C08,茨城県水戸市谷津町字蟹沢707,36.407734,140.36293,茨城県水戸市谷津町
茨城県,9900.0,認定設備,茨城県.xlsx,AD99845C08,茨城県稲敷郡阿見町石川字東向1236他,36.015659,140.270782,茨城県阿見町石川
茨城県,22680.0,認定設備,茨城県.xlsx,AE00046C08,茨城県北茨城市磯原町大塚字大北向3499-2,36.798168,140.693085,茨城県北茨城市磯原町大塚
茨城県,21000.0,認定設備,茨城県.xlsx,AE00047C08,茨城県高萩市大字横川字長沢692,36.82756,140.62088,茨城県高萩市横川
茨城県,14520.0,認定設備,茨城県.xlsx,AE00506C08,茨城県桜川市真壁町大塚新田9-3他,36.308201,140.067825,茨城県桜川市真壁町大塚新田
茨城県,53990.0,認定設備,茨城県.xlsx,AE00614C08,茨城県日立市十王町高原字高畔1411-1,36.672695,140.613968,茨城県日立市十王町高原
茨城県,29700.0,認定設備,茨城県.xlsx,AE01026C08,茨城県つくば市水守三キリ塚1735,36.167183,140.062744,茨城県つくば市水守
茨城県,20000.0,認定設備,茨城県.xlsx,AE03083C08,茨城県北茨城市関南町神岡下字大沢2651,36.827682,140.773849,茨城県北茨城市関南町神岡下
茨城県,20000.0,認定設備,茨城県.xlsx,AE04116C08,茨城県牛久市久野町1316-1,35.969746,140.221878,茨城県牛久市久野町
茨城県,29976.0,認定設備,茨城県.xlsx,AE04175C08,茨城県常陸太田市東連地町字子谷津1320-1,36.575062,140.477341,茨城県常陸太田市東連地町
茨城県,35000.0,認定設備,茨城県.xlsx,AE04282C08,茨城県笠間市飯田字中丸沢2047-1,36.417973,140.268768,茨城県笠間市飯田
茨城県,10000.0,認定設備,茨城県.xlsx,AE04368C08,茨城県笠間市本戸字堂平3907‐1,36.339474,140.218979,茨城県笠間市本戸
茨城県,16500.0,認定設備,茨城県.xlsx,AE07467C08,茨城県日立市十王町大字高原字志毛3046-1,36.672695,140.613968,茨城県日立市十王町高原
茨城県,12000.0,認定設備,茨城県.xlsx,AE27979C08,茨城県笠間市大郷戸字大久保1073ー1,36.393814,140.198914,茨城県笠間市大郷戸
茨城県,27200.0,認定設備,茨城県.xlsx,AE86508C08,茨城県常陸大宮市照田岸内1900-1,36.592323,140.373459,茨城県常陸大宮市照田
茨城県,25500.0,認定設備,茨城県.xlsx,AF53466C08,茨城県北茨城市磯原町磯原字後大沢2313,36.805668,140.754684,茨城県北茨城市磯原町磯原
茨城県,25000.0,認定設備,茨城県.xlsx,AF53478C08,茨城県高萩市大字良川267-22他157筆,36.713673,140.709503,茨城県高萩市
茨城県,19500.0,認定設備,茨城県.xlsx,AF67048C08,茨城県土浦市手野町字新堀4024、4034、4014-9、4035、白鳥町字小峰田58、41-1、37-1、37-3、41-5、41-6、41-7、41-8、41-9、41-10、41-11他76筆,36.094486,140.233444,茨城県土浦市手野町
茨城県,22000.0,認定設備,茨城県.xlsx,AF75821C08,茨城県行方市手賀4082,36.086613,140.434464,茨城県行方市手賀
茨城県,8500.0,認定設備,茨城県.xlsx,AF76868C08,茨城県久慈郡大子町大字小生瀬5956,36.753193,140.431625,茨城県大子町小生瀬
茨城県,34010.0,認定設備,茨城県.xlsx,AF77775C08,茨城県久慈郡大子町小生瀬字中谷沢3090,36.753193,140.431625,茨城県大子町小生瀬
茨城県,15000.0,認定設備,茨城県.xlsx,AF79535C08,茨城県つくばみらい市大和田字中台山2-1,35.983292,140.080276,茨城県つくばみらい市大和田
茨城県,25000.0,認定設備,茨城県.xlsx,AF79536C08,茨城県那珂市下江戸字荒屋後835-1,36.49065,140.408264,茨城県那珂市下江戸
茨城県,14000.0,認定設備,茨城県.xlsx,AF79557C08,茨城県日立市十王町高原字国木原2978-1,36.672695,140.613968,茨城県日立市十王町高原
茨城県,27140.0,認定設備,茨城県.xlsx,AG70811308,茨城県古河市上片田字横井戸1129,36.223549,139.795578,茨城県古河市上片田
茨城県,25490.0,認定設備,茨城県.xlsx,AG74331C08,茨城県日立市十王町高原字沼久保3384-3,36.672695,140.613968,茨城県日立市十王町高原
茨城県,10000.0,認定設備,茨城県.xlsx,AG80376C08,茨城県笠間市来栖字ザク沢2638-37,36.371025,140.234116,茨城県笠間市来栖
茨城県,9490.5,認定設備,茨城県.xlsx,AG89360C08,茨城県龍ケ崎市薄倉町字北野原2387-5,35.933056,140.221619,茨城県龍ケ崎市薄倉町
茨城県,13500.0,認定設備,茨城県.xlsx,AG89785C08,茨城県北茨城市関南町神岡下字大高2547-2,36.827682,140.773849,茨城県北茨城市関南町神岡下
茨城県,11250.0,認定設備,茨城県.xlsx,AH05150C08,茨城県常陸大宮市山方字湯ノ沢4651,36.626686,140.383957,茨城県常陸大宮市山方
茨城県,20000.0,認定設備,茨城県.xlsx,AH74262C08,茨城県古河市葛生字杉ノ木706-1,36.161091,139.790131,茨城県古河市葛生
茨城県,12000.0,認定設備,茨城県.xlsx,AL79728C08,茨城県神栖市北浜16-4,35.912624,140.709457,茨城県神栖市北浜
栃木県,19800.0,認定設備,栃木県.xlsx,AA37829C09,栃木県矢板市山苗代字大本582,36.770988,139.925079,栃木県矢板市山苗代
栃木県,11000.0,認定設備,栃木県.xlsx,AA50917309,栃木県芳賀郡芳賀町芳賀台166-1,36.556889,140.012909,栃木県芳賀町芳賀台１６６番地
栃木県,11000.0,認定設備,栃木県.xlsx,AA58819C09,栃木県那須烏山市上川井字戸谷1022-1他,36.716934,140.072876,栃木県那須烏山市上川井
栃木県,20016.0,認定設備,栃木県.xlsx,AA78593C09,栃木県大田原市河原2008 他,36.926815,140.174728,栃木県大田原市河原
栃木県,47520.0,認定設備,栃木県.xlsx,AA99659C09,栃木県那須烏山市横枕金掛ケ979-2,36.646542,140.208115,栃木県那須烏山市横枕
栃木県,14000.0,認定設備,栃木県.xlsx,AB02721C09,栃木県日光市大渡字森下261-28,36.761322,139.754776,栃木県日光市大渡
栃木県,18000.0,認定設備,栃木県.xlsx,AB02724C09,栃木県那須塩原市横林134-1,36.944626,139.960876,栃木県那須塩原市横林
栃木県,14084.1,認定設備,栃木県.xlsx,AB02777C09,栃木県那須郡那珂川町白久1337-2,36.724316,140.128983,栃木県那珂川町白久
栃木県,10000.0,認定設備,栃木県.xlsx,AB12096C09,栃木県那須塩原市千本松803-1,36.944099,139.940536,栃木県那須塩原市千本松８０３番地
栃木県,6600.0,認定設備,栃木県.xlsx,AB14280C09,栃木県芳賀郡益子町大字塙字西谷858-1他,36.474285,140.079422,栃木県益子町塙
栃木県,11000.0,認定設備,栃木県.xlsx,AB19209C09,栃木県大田原市寒井字糖塚原1465-1,36.913944,140.113861,栃木県大田原市寒井
栃木県,8580.0,認定設備,栃木県.xlsx,AB35372C09,栃木県芳賀郡市貝町赤羽字芝山2055番3,36.515659,140.065674,栃木県市貝町赤羽
栃木県,15000.0,認定設備,栃木県.xlsx,AB79391C09,栃木県那須郡那珂川町三輪字ハヌキ沢1279-17,36.756046,140.09465,栃木県那珂川町三輪
栃木県,9968.2,認定設備,栃木県.xlsx,AC36129C09,栃木県さくら市下河戸湯泉山1201-1他,36.7663,140.01326,栃木県さくら市下河戸
栃木県,26000.0,認定設備,栃木県.xlsx,AC56466C09,栃木県日光市七里1333,36.733234,139.639648,栃木県日光市七里１３３３番地
栃木県,24500.0,認定設備,栃木県.xlsx,AC58042C09,栃木県那須烏山市鴻野山1011-2,36.6674,140.058838,栃木県那須烏山市鴻野山１０１１番地
栃木県,25000.0,認定設備,栃木県.xlsx,AC70338C09,栃木県大田原市新宿字羽黒山662-1,36.816437,140.073578,栃木県大田原市新宿
栃木県,10000.0,認定設備,栃木県.xlsx,AC70339C09,栃木県大田原市新宿字原山657-2,36.816437,140.073578,栃木県大田原市新宿
栃木県,8910.0,認定設備,栃木県.xlsx,AC87868C09,栃木県塩谷郡塩谷町大字道下字下川原1,36.769676,139.852921,栃木県塩谷町大字道下
栃木県,66780.0,認定設備,栃木県.xlsx,AC95673C09,栃木県宇都宮市新里町乙字栗谷前1037,36.642544,139.805252,栃木県宇都宮市新里町乙
栃木県,9000.0,認定設備,栃木県.xlsx,AD19517C09,栃木県那須烏山市志鳥字金草443-1,36.719521,140.097488,栃木県那須烏山市志鳥
栃木県,6000.0,認定設備,栃木県.xlsx,AD21690C09,栃木県鹿沼市千渡字五斗蒔2175-1,36.562817,139.799866,栃木県鹿沼市千渡５番地
栃木県,12148.5,認定設備,栃木県.xlsx,AD35793C09,栃木県大田原市寒井字大野室1618,36.913944,140.113861,栃木県大田原市寒井
栃木県,13954.1,認定設備,栃木県.xlsx,AD36030C09,栃木県那須塩原市関谷字日の出1595他、1575-5、1577-3,36.962605,139.900925,栃木県那須塩原市関谷
栃木県,28000.0,認定設備,栃木県.xlsx,AD36126C09,栃木県塩谷郡塩谷町大字船生字関口入5237,36.791969,139.77916,栃木県塩谷町船生
栃木県,17500.0,認定設備,栃木県.xlsx,AD36152309,栃木県芳賀郡市貝町大字石下字石ヶ坪136-5,36.52808,140.124146,栃木県市貝町石下
栃木県,13860.0,認定設備,栃木県.xlsx,AD96435C09,栃木県宇都宮市下田原町字北ノ内向1254-4,36.624447,139.902115,栃木県宇都宮市下田原町
栃木県,10000.0,認定設備,栃木県.xlsx,AD96770C09,栃木県栃木市西方町真名子1909外91筆,36.478161,139.677887,栃木県栃木市西方町真名子
栃木県,20000.0,認定設備,栃木県.xlsx,AD96823C09,栃木県日光市千本木字岬沢865-1,36.711411,139.688828,栃木県日光市千本木
栃木県,17000.0,認定設備,栃木県.xlsx,AD96863C09,栃木県那須郡那珂川町白久1337-2他39筆,36.724316,140.128983,栃木県那珂川町白久
栃木県,6976.0,認定設備,栃木県.xlsx,AD96864C09,栃木県矢板市山田字原谷862,36.844608,139.932007,栃木県矢板市山田
栃木県,24200.0,認定設備,栃木県.xlsx,AD99858C09,栃木県佐野市会沢町字大平233,36.426567,139.624359,栃木県佐野市会沢町
栃木県,18000.0,認定設備,栃木県.xlsx,AE00156C09,栃木県那須烏山市志鳥赤坂2662-2,36.719521,140.097488,栃木県那須烏山市志鳥
栃木県,12000.0,認定設備,栃木県.xlsx,AE00161C09,栃木県下都賀郡壬生町藤井字星ノ宮2126-1,36.415745,139.818008,栃木県壬生町藤井
栃木県,13000.0,認定設備,栃木県.xlsx,AE00167C09,栃木県宇都宮市宮山田町1501,36.707981,139.861282,栃木県宇都宮市宮山田町
栃木県,12000.0,認定設備,栃木県.xlsx,AE00214C09,栃木県那須烏山市田野倉字横沢566-1,36.656071,140.084854,栃木県那須烏山市田野倉
栃木県,12020.0,認定設備,栃木県.xlsx,AE00268C09,栃木県佐野市牧町字九通659他,36.448116,139.57309,栃木県佐野市牧町
栃木県,27200.0,認定設備,栃木県.xlsx,AE00542C09,栃木県矢板市安澤2180他28筆,36.774635,139.979416,栃木県矢板市安沢２１８０番地
栃木県,18900.0,認定設備,栃木県.xlsx,AE00828C09,栃木県芳賀郡益子町大字小宅勝見沢1164‐1,36.512619,140.115982,栃木県益子町小宅
栃木県,19250.0,認定設備,栃木県.xlsx,AE00835C09,栃木県那須塩原市下大貫字原境1124-5他,36.879677,139.928329,栃木県那須塩原市下大貫
栃木県,32000.0,認定設備,栃木県.xlsx,AE01150C09,栃木県佐野市多田町字京路戸102,36.386562,139.593994,栃木県佐野市多田町
栃木県,7500.0,認定設備,栃木県.xlsx,AE04315C09,栃木県真岡市堀内字前原1906-1,36.474003,140.008942,栃木県真岡市堀内
栃木県,20000.0,認定設備,栃木県.xlsx,AE07407C09,栃木県栃木市西方町真名子字鵯ケ入2860,36.478161,139.677887,栃木県栃木市西方町真名子
栃木県,17910.0,認定設備,栃木県.xlsx,AE07408C09,栃木県栃木市西方町真名子字一ノ沢3057-1,36.478161,139.677887,栃木県栃木市西方町真名子
栃木県,19250.0,認定設備,栃木県.xlsx,AE61791C09,栃木県那須塩原市青木字大輪地原19-1,36.996674,139.992004,栃木県那須塩原市青木
栃木県,6000.0,認定設備,栃木県.xlsx,AF37781C09,栃木県鹿沼市南上野町字大野原521-7,36.513664,139.774475,栃木県鹿沼市南上野町
栃木県,21000.0,認定設備,栃木県.xlsx,AF37782C09,栃木県那須郡那須町大字高久丙字北原1796-1,37.069809,140.047089,栃木県那須町高久丙
栃木県,21000.0,認定設備,栃木県.xlsx,AF37783C09,栃木県大田原市羽田字藤形輪1143,36.911015,140.087845,栃木県大田原市羽田
栃木県,13500.0,認定設備,栃木県.xlsx,AF37785C09,栃木県那須塩原市折戸字上野山144,36.968765,139.929382,栃木県那須塩原市折戸
栃木県,10000.0,認定設備,栃木県.xlsx,AF75981C09,栃木県那須烏山市志鳥字金草2877-1,36.719521,140.097488,栃木県那須烏山市志鳥
栃木県,6000.0,認定設備,栃木県.xlsx,AF76887C09,栃木県大田原市寒井字糠塚原244-1,36.913944,140.113861,栃木県大田原市寒井
栃木県,25500.0,認定設備,栃木県.xlsx,AF76968C09,栃木県那須塩原市箭坪4,37.010056,139.950897,栃木県那須塩原市箭坪
栃木県,19800.0,認定設備,栃木県.xlsx,AF77667C09,栃木県那須塩原市下中野東原800外211筆,36.911652,140.01384,栃木県那須塩原市下中野
栃木県,28500.0,認定設備,栃木県.xlsx,AF77776C09,栃木県那須塩原市百村字笹野曽里3-37,37.080147,139.865112,栃木県那須塩原市百村
栃木県,24000.0,認定設備,栃木県.xlsx,AF77777C09,栃木県那須塩原市百村3-447,37.015224,139.937424,栃木県那須塩原市百村３番地
栃木県,14000.0,認定設備,栃木県.xlsx,AF79503C09,栃木県芳賀郡茂木町大字町田字麦久保2003,36.580399,140.156876,栃木県茂木町町田
栃木県,39990.0,認定設備,栃木県.xlsx,AF79531C09,栃木県佐野市寺久保町字大野1089,36.377136,139.519226,栃木県佐野市寺久保町
群馬県,8000.0,認定設備,群馬県.xlsx,AA99685C10,群馬県高崎市倉渕町水沼941,36.404106,138.781586,群馬県高崎市倉渕町水沼
群馬県,13000.0,認定設備,群馬県.xlsx,AA99688C10,群馬県吾妻郡嬬恋村鎌原字姥ヶ原1053-43,36.467445,138.558395,群馬県嬬恋村鎌原
群馬県,26000.0,認定設備,群馬県.xlsx,AB14224C10,群馬県吾妻郡高山村中山1853-1,36.621689,138.959335,群馬県高山村中山
群馬県,8000.0,認定設備,群馬県.xlsx,AB14229C10,群馬県高崎市吉井町下奥平字花表1769-甲,36.28281,138.969421,群馬県高崎市吉井町下奥平
群馬県,7500.0,認定設備,群馬県.xlsx,AB16142C10,群馬県藤岡市鬼石1125-1,36.163223,139.054337,群馬県藤岡市鬼石
群馬県,29700.0,認定設備,群馬県.xlsx,AC41235C10,群馬県利根郡昭和村大字生越1296,36.641605,139.118881,群馬県昭和村生越
群馬県,22000.0,認定設備,群馬県.xlsx,AC81480C10,群馬県藤岡市上日野字細谷戸649,36.173019,138.938126,群馬県藤岡市上日野
群馬県,16500.0,認定設備,群馬県.xlsx,AD96583C10,群馬県藤岡市上日野字尾根2571-3他,36.173019,138.938126,群馬県藤岡市上日野
群馬県,31976.0,認定設備,群馬県.xlsx,AD96614C10,群馬県吾妻郡東吾妻町大字新巻字国山1762-1,36.552082,138.887344,群馬県東吾妻町新巻
群馬県,16500.0,認定設備,群馬県.xlsx,AE00137C10,群馬県利根郡みなかみ町新巻3695-2他252筆,36.700222,138.929855,群馬県みなかみ町新巻
群馬県,42840.0,認定設備,群馬県.xlsx,AE00948C10,群馬県安中市大谷字二ノ谷1331-1,36.312397,138.942352,群馬県安中市大谷
群馬県,5915.0,認定設備,群馬県.xlsx,AE01025C10,群馬県藤岡市保美平塚台896-1他153筆,36.200138,139.057709,群馬県藤岡市保美
群馬県,9000.0,認定設備,群馬県.xlsx,AE01099C10,群馬県利根郡みなかみ町新巻字熊窪3752,36.700222,138.929855,群馬県みなかみ町新巻
群馬県,5000.0,認定設備,群馬県.xlsx,AE07485C10,群馬県藤岡市金井字西浦135,36.214161,139.032364,群馬県藤岡市金井
群馬県,15000.0,認定設備,群馬県.xlsx,AE84875C10,群馬県多野郡神流町大字生利字御鉾2203他64筆、大字生利字三ヶ舞2208-5、-6、-7、大字柏木字桑木516-2、517-3、519-1、-2、520、517-4、528-5、514-2、521-1、-2他12筆,36.120274,138.926224,群馬県神流町生利
群馬県,72000.0,認定設備,群馬県.xlsx,AF73241C10,群馬県安中市小俣1037、602-2、603、612、629-5、734-1、734-3、744-5、771-1、安中1494-1、1494-2、1494-4、1495、1499-2、1501-2他,36.3377,138.874893,群馬県安中市小俣１０３７番地
群馬県,40000.0,認定設備,群馬県.xlsx,AF76899C10,群馬県高崎市吉井町岩崎字足沢松原1308‐1,36.277161,138.981689,群馬県高崎市吉井町岩崎
群馬県,18000.0,認定設備,群馬県.xlsx,AF78011C10,群馬県富岡市下高尾387-1他217筆,36.28635,138.911789,群馬県富岡市下高尾
群馬県,15750.0,認定設備,群馬県.xlsx,AG89782C10,群馬県桐生市新里町鶴ケ谷字土橋609-1,36.438461,139.248901,群馬県桐生市新里町鶴ヶ谷
群馬県,19140.0,認定設備,群馬県.xlsx,AH32650C10,群馬県高崎市倉渕町三ノ倉字道山畑2673-1,36.420166,138.808609,群馬県高崎市倉渕町三ノ倉
群馬県,6325.0,認定設備,群馬県.xlsx,AH33783C10,群馬県高崎市倉渕町三ノ倉字道山畑2675-3,36.420166,138.808609,群馬県高崎市倉渕町三ノ倉
群馬県,50000.0,認定設備,群馬県.xlsx,AH75382C10,群馬県利根郡片品村大字東小川字大久保4648-367,36.807655,139.328308,群馬県片品村東小川
群馬県,29370.0,認定設備,群馬県.xlsx,AK23153C10,群馬県吾妻郡高山村大字中山字与三平塚6859-147,36.621689,138.959335,群馬県高山村中山
群馬県,14000.0,認定設備,群馬県.xlsx,AK78930C10,群馬県利根郡みなかみ町師田字品野原630,36.666313,138.951538,群馬県みなかみ町師田
群馬県,18000.0,認定設備,群馬県.xlsx,AZ96107310,群馬県高崎市上室田町字糠塚6007‐1,36.41333,138.830902,群馬県高崎市上室田町
群馬県,5600.0,認定設備,群馬県.xlsx,AZ99324C10,群馬県藤岡市上日野字細谷戸685-2,36.173019,138.938126,群馬県藤岡市上日野
埼玉県,6800.0,認定設備,埼玉県.xlsx,AD36092C11,埼玉県比企郡川島町大字梅ノ木59-1他(梅ノ木・古凍貯水池),36.007648,139.456711,埼玉県川島町梅ノ木
埼玉県,9000.0,認定設備,埼玉県.xlsx,AE04163C11,埼玉県深谷市本田字中篠場1406-5,36.122154,139.289413,埼玉県深谷市本田
埼玉県,13000.0,認定設備,埼玉県.xlsx,AE04164C11,埼玉県深谷市本田字北八丁歩3294-1,36.122154,139.289413,埼玉県深谷市本田
埼玉県,20600.0,認定設備,埼玉県.xlsx,AH35856C11,埼玉県秩父郡長瀞町大字野上下郷字菖蒲沢2695-1,36.132046,139.107193,埼玉県長瀞町野上下郷
千葉県,50000.0,認定設備,千葉県.xlsx,AA53900C12,千葉県茂原市三ケ谷字源田谷446-2,35.391006,140.307159,千葉県茂原市三ケ谷
千葉県,27000.0,認定設備,千葉県.xlsx,AA67035C12,千葉県富津市加藤下薊作753外,35.232147,139.895386,千葉県富津市加藤
千葉県,9000.0,認定設備,千葉県.xlsx,AA75920C12,千葉県鴨川市内浦山3231-23,35.145298,140.199707,千葉県鴨川市内浦
千葉県,14000.0,認定設備,千葉県.xlsx,AA91378C12,千葉県夷隅郡大多喜町横山字西ヶ谷1285‐2外,35.298485,140.226395,千葉県大多喜町横山
千葉県,7500.0,認定設備,千葉県.xlsx,AA91384C12,千葉県夷隅郡御宿町七本字ヲヲサ486−1,35.18166,140.321686,千葉県御宿町七本
千葉県,24420.0,認定設備,千葉県.xlsx,AA94068C12,千葉県木更津市真里谷字伊豆谷1035,35.35849,140.095123,千葉県木更津市真里谷
千葉県,30600.0,認定設備,千葉県.xlsx,AA96955C12,千葉県富津市鶴岡字小女塚1392-26他,35.249184,139.88678,千葉県富津市鶴岡
千葉県,20000.0,認定設備,千葉県.xlsx,AA99646C12,千葉県鴨川市内浦字内浦3231-21,35.145298,140.199707,千葉県鴨川市内浦
千葉県,8000.0,認定設備,千葉県.xlsx,AB02731C12,千葉県市原市うるいど南7-1-1,35.505409,140.167633,千葉県市原市うるいど南七丁目１番地
千葉県,6120.0,認定設備,千葉県.xlsx,AB14182C12,千葉県富津市湊字釜ヶ作1272他,35.226234,139.873749,千葉県富津市湊
千葉県,14000.0,認定設備,千葉県.xlsx,AB22575C12,千葉県袖ケ浦市川原井字影山の五2077-1,35.414165,140.075958,千葉県袖ケ浦市川原井
千葉県,24420.0,認定設備,千葉県.xlsx,AC73072C12,千葉県勝浦市植野字沼田1419-1,35.152882,140.254715,千葉県勝浦市植野
千葉県,10500.0,認定設備,千葉県.xlsx,AC87918C12,千葉県香取市返田字浅間377,35.860329,140.514786,千葉県香取市返田
千葉県,11237.6,認定設備,千葉県.xlsx,AD55830C12,千葉県市原市栢橋字中台577-35,35.388721,140.097778,千葉県市原市栢橋
千葉県,30000.0,認定設備,千葉県.xlsx,AD96732C12,千葉県君津市蔵玉字小沢谷89-4,35.225647,140.126175,千葉県君津市蔵玉
千葉県,14000.0,認定設備,千葉県.xlsx,AD99855C12,千葉県市原市うるいど南7-5-1,35.505409,140.167633,千葉県市原市うるいど南七丁目５番地
千葉県,33500.0,認定設備,千葉県.xlsx,AE00293C12,千葉県君津市笹字本坪井2059-1,35.201393,140.074387,千葉県君津市笹
千葉県,25004.0,認定設備,千葉県.xlsx,AE00693C12,千葉県勝浦市浜行川字仲山1287-1,35.125542,140.232452,千葉県勝浦市浜行川
千葉県,5000.0,認定設備,千葉県.xlsx,AE00891C12,千葉県市原市椎津字日ノ宮1221-1,35.459492,140.036652,千葉県市原市椎津
千葉県,19800.0,認定設備,千葉県.xlsx,AE01095C12,千葉県勝浦市串浜字二ノ廻り山1949-1,35.150387,140.307861,千葉県勝浦市串浜２番地
千葉県,18337.0,認定設備,千葉県.xlsx,AE03043C12,千葉県香取郡神崎町植房字タコウ369-1,35.880852,140.401611,千葉県神崎町植房
千葉県,20000.0,認定設備,千葉県.xlsx,AE07222C12,千葉県市原市新井字大田部522,35.342979,140.182251,千葉県市原市新井
千葉県,23940.0,認定設備,千葉県.xlsx,AE07464C12,千葉県いすみ市荻原古堰5067‐1,35.30761,140.288971,千葉県いすみ市荻原
千葉県,9000.0,認定設備,千葉県.xlsx,AF27618C12,千葉県印西市中央南1-127-1,35.799583,140.117416,千葉県印西市中央南一丁目
千葉県,11500.0,認定設備,千葉県.xlsx,AF53232C12,千葉県市原市山田橋字笹森塚438,35.496468,140.126617,千葉県市原市山田橋
千葉県,7884.6,認定設備,千葉県.xlsx,AF53414C12,千葉県君津市久留里大谷字上戸藏85-3,35.308083,140.103256,千葉県君津市久留里大谷
千葉県,21360.0,認定設備,千葉県.xlsx,AF75866C12,千葉県木更津市下宮田新堂谷641-1,35.346958,140.020401,千葉県木更津市下宮田
千葉県,10000.0,認定設備,千葉県.xlsx,AF79137C12,千葉県木更津市茅野字打越941,35.356377,140.06517,千葉県木更津市茅野
千葉県,20000.0,認定設備,千葉県.xlsx,AF81749C12,千葉県長生郡長南町坂本字西谷439-1,35.392418,140.256775,千葉県長南町坂本
千葉県,20000.0,認定設備,千葉県.xlsx,AG89773C12,"千葉県市原市大作字崩田59,66,70,字御供田75,喜多字上水田911,912,913,914,字仲水田916,917,918,919,920,921,犬成字産田谷1224,1225,1226 他19筆",35.481438,140.182709,千葉県市原市大作
神奈川県,7040.0,認定設備,神奈川県.xlsx,AA57010C14,神奈川県横浜市鶴見区扇島1-2,35.480064,139.705795,神奈川県横浜市鶴見区扇島１番地
神奈川県,6899.7,認定設備,神奈川県.xlsx,AA78626C14,神奈川県相模原市緑区葉山島759-7,35.561996,139.313583,神奈川県相模原市緑区葉山島７５９番地
神奈川県,5940.0,認定設備,神奈川県.xlsx,AA97011C14,神奈川県横須賀市衣笠町977-10,35.241928,139.656281,神奈川県横須賀市衣笠町
神奈川県,9500.0,認定設備,神奈川県.xlsx,AB16100C14,神奈川県足柄上郡大井町篠窪字神山1132他,35.351292,139.167892,神奈川県大井町篠窪
神奈川県,7000.0,認定設備,神奈川県.xlsx,AB19168C14,神奈川県足柄上郡中井町井ノ口3717外,35.325665,139.232498,神奈川県中井町井ノ口３７１７番地
神奈川県,10000.0,認定設備,神奈川県.xlsx,AE00493C14,神奈川県横須賀市田浦町3-4-6他,35.292717,139.632843,神奈川県横須賀市田浦町三丁目４番地
新潟県,6000.0,認定設備,新潟県.xlsx,AA51060315,新潟県新潟市東区平和町15,37.9487,139.086746,新潟県新潟市東区平和町
新潟県,15000.0,認定設備,新潟県.xlsx,AA94094C15,新潟県阿賀野市かがやき257-41,37.78949,139.244843,新潟県阿賀野市かがやき
新潟県,45000.0,認定設備,新潟県.xlsx,AB29864C15,新潟県新潟市西区四ツ郷屋字岩山2063-1他618筆,37.841579,138.885696,新潟県新潟市西区四ツ郷屋
新潟県,8000.0,認定設備,新潟県.xlsx,AD36221C15,新潟県五泉市中名沢字家ノ浦己3,37.707211,139.147644,新潟県五泉市中名沢
新潟県,26000.0,認定設備,新潟県.xlsx,AE00568C15,新潟県阿賀野市大室貝喰2139-267,37.803532,139.264236,新潟県阿賀野市大室
新潟県,9800.0,認定設備,新潟県.xlsx,AE00597C15,新潟県阿賀野市大室字王ヶ峯4774-12,37.803532,139.264236,新潟県阿賀野市大室
新潟県,29400.0,認定設備,新潟県.xlsx,AE00877C15,新潟県阿賀野市山寺笹鼻794-66,37.806904,139.27446,新潟県阿賀野市山寺
新潟県,20000.0,認定設備,新潟県.xlsx,AE04223315,新潟県阿賀野市笹岡字葉山1956-2,37.836689,139.292191,新潟県阿賀野市笹岡葉山１９５６番地
新潟県,10655.0,認定設備,新潟県.xlsx,AE07490C15,新潟県新潟市北区島見町字浜原2-114,37.968521,139.194901,新潟県新潟市北区島見町
新潟県,12000.0,認定設備,新潟県.xlsx,AK78941315,新潟県新潟市中央区竜が島2-477-1,37.926121,139.072449,新潟県新潟市中央区竜が島二丁目
新潟県,14000.0,認定設備,新潟県.xlsx,AL87279315,新潟県柏崎市西山町妙法寺字袖浦1795-63,37.429859,138.670395,新潟県柏崎市西山町妙法寺
富山県,6000.0,認定設備,富山県.xlsx,A697673D16,富山県富山市舟倉字向山割36-2,36.563412,137.229858,富山県富山市舟倉
富山県,5000.0,認定設備,富山県.xlsx,A779899D16,富山県魚津市観音堂字下山1209-1,36.783855,137.420868,富山県魚津市観音堂
富山県,10000.0,認定設備,富山県.xlsx,AB08888D16,富山県富山市四方北窪字沖ノ島1-3,36.75452,137.207962,富山県富山市四方北窪
石川県,12890.0,認定設備,石川県.xlsx,A697592D17,石川県羽咋郡宝達志水町免田リ220-2,36.794605,136.738846,石川県宝達志水町免田
石川県,59520.0,認定設備,石川県.xlsx,A713649D17,石川県羽咋郡宝達志水町沢川ヌ1-1,36.769253,136.842743,石川県宝達志水町沢川
石川県,40000.0,認定設備,石川県.xlsx,A770857D17,石川県鳳珠郡穴水町字沖波四2-1,37.217857,137.044235,石川県穴水町沖波
石川県,13500.0,認定設備,石川県.xlsx,A775637D17,石川県鹿島郡中能登町花見月六4-1,36.994915,136.864212,石川県中能登町花見月
石川県,16800.0,認定設備,石川県.xlsx,A779810D17,石川県鳳珠郡穴水町字波志借宮田31,37.265347,136.937164,石川県穴水町波志借
石川県,19800.0,認定設備,石川県.xlsx,A785714D17,石川県七尾市津向町大杉1,37.060242,136.952972,石川県七尾市津向町
石川県,49000.0,認定設備,石川県.xlsx,A785810D17,石川県七尾市山崎町ト10,36.975605,137.012772,石川県七尾市山崎町
石川県,10000.0,認定設備,石川県.xlsx,A851228D17,石川県羽咋郡志賀町上棚わ16-5,36.965942,136.823654,石川県志賀町上棚
石川県,10560.0,認定設備,石川県.xlsx,A852784D17,石川県小松市那谷町ツ3,36.313881,136.41806,石川県小松市那谷町
石川県,7000.0,認定設備,石川県.xlsx,A885677D17,石川県羽咋郡志賀町小浦茶臼山2-1,37.034672,136.760193,石川県志賀町小浦
福井県,21780.0,認定設備,福井県.xlsx,AZ99973E18,福井県坂井市三国町米納津50字臨海16-5,36.178761,136.106766,福井県坂井市三国町米納津５０番地
山梨県,10000.0,認定設備,山梨県.xlsx,AB16113C19,山梨県北杜市高根町清里字小倉79-1,35.923233,138.435074,山梨県北杜市高根町清里
山梨県,11000.0,認定設備,山梨県.xlsx,AB24192C19,山梨県山梨市三富下釜口字加久保515番12,35.79451,138.73587,山梨県山梨市三富下釜口
山梨県,18000.0,認定設備,山梨県.xlsx,AC58049C19,山梨県甲斐市菖蒲沢字東平1784‐1,35.716381,138.494461,山梨県甲斐市菖蒲澤
山梨県,5500.0,認定設備,山梨県.xlsx,AD21631C19,山梨県北杜市明野町上手字永井原12022-1,35.766827,138.448013,山梨県北杜市明野町上手
山梨県,14000.0,認定設備,山梨県.xlsx,AE07400C19,山梨県甲斐市菖蒲沢字西平2049-1外,35.716381,138.494461,山梨県甲斐市菖蒲澤
山梨県,11990.0,認定設備,山梨県.xlsx,AE07401C19,山梨県甲斐市菖蒲沢字東平1838-2,35.716381,138.494461,山梨県甲斐市菖蒲澤
長野県,5500.0,認定設備,長野県.xlsx,AA23531C20,長野県諏訪郡富士見町落合字机原6577ー60,35.896549,138.255692,長野県富士見町落合
長野県,29970.0,認定設備,長野県.xlsx,AB16068C20,長野県佐久市香坂字下岩合390,36.266678,138.567917,長野県佐久市香坂
長野県,9000.0,認定設備,長野県.xlsx,AB16069C20,長野県諏訪郡富士見町富士見字大沢山11404-427,35.914776,138.214661,長野県富士見町富士見大平９０３１番地
長野県,5000.0,認定設備,長野県.xlsx,AB16152C20,長野県諏訪郡富士見町富士見字塚平3118-1,35.861942,138.205368,長野県富士見町富士見
長野県,8000.0,認定設備,長野県.xlsx,AC70322C20,長野県南佐久郡小海町大字小海字八の軽井沢248-1,36.075958,138.510513,長野県小海町小海
長野県,16500.0,認定設備,長野県.xlsx,AD25976C20,長野県小県郡長和町大門2024-2、3234-2内,36.2206,138.250427,長野県長和町大門
長野県,27200.0,認定設備,長野県.xlsx,AD96954C20,長野県南佐久郡川上村大字大深山944-168,35.977566,138.581131,長野県川上村大深山
長野県,25000.0,認定設備,長野県.xlsx,AD99892C20,長野県駒ヶ根市中沢9035-1,35.720444,138.015305,長野県駒ヶ根市中沢
長野県,8580.0,認定設備,長野県.xlsx,AE00698C20,長野県伊那市高遠町藤沢7051-5,35.932476,138.112,長野県伊那市高遠町藤澤
長野県,8391.2,認定設備,長野県.xlsx,AE00989C20,長野県諏訪市大字四賀字霧ヶ峰7718-416,36.036098,138.144867,長野県諏訪市大字四賀霧ケ峰７７１８番地
長野県,9794.8,認定設備,長野県.xlsx,AE01235C20,長野県北佐久郡立科町大字塩沢字才助原1648,36.293301,138.331848,長野県立科町塩沢
長野県,10000.0,認定設備,長野県.xlsx,AE04232C20,長野県大町市八坂字大久保739他119筆,36.504566,137.92482,長野県大町市八坂
長野県,35990.5,認定設備,長野県.xlsx,AE04377C20,長野県諏訪市大字豊田6217-1他112筆,36.019341,138.058914,長野県諏訪市豊田６２１７番地
長野県,7400.0,認定設備,長野県.xlsx,AF78790C20,長野県佐久市瀬戸字宮ノ脇857-116,36.245255,138.48909,長野県佐久市瀬戸
長野県,21760.0,認定設備,長野県.xlsx,AG93696C20,長野県南佐久郡川上村大字居倉1733-1,35.951286,138.603958,長野県川上村居倉
長野県,15000.0,認定設備,長野県.xlsx,AH80222C20,長野県木曽郡木曽町三岳8222-22,35.855171,137.606323,長野県木曽町三岳
岐阜県,19000.0,認定設備,岐阜県.xlsx,A697624D21,岐阜県多治見市北小木町字神明洞494-4,35.351669,137.057922,岐阜県多治見市北小木町
岐阜県,12000.0,認定設備,岐阜県.xlsx,A702628D21,岐阜県多治見市小名田町西ケ洞1-1,35.370995,137.116058,岐阜県多治見市小名田町西ケ洞１番地
岐阜県,20000.0,認定設備,岐阜県.xlsx,A713701D21,岐阜県高山市上宝町荒原字釜ノ谷923-1,36.267368,137.273956,岐阜県高山市上宝町荒原
岐阜県,8390.0,認定設備,岐阜県.xlsx,A767329D21,岐阜県関市武芸川町八幡字鳶ケ洞48,35.536495,136.850784,岐阜県関市武芸川町八幡
岐阜県,27720.0,認定設備,岐阜県.xlsx,A785748D21,岐阜県高山市荘川町野々俣字三尾谷1300-1,36.01329,136.929581,岐阜県高山市荘川町野々俣
岐阜県,10798.0,認定設備,岐阜県.xlsx,A790266D21,岐阜県恵那市飯地町字本洞1459-4,35.477268,137.282928,岐阜県恵那市飯地町
岐阜県,6000.0,認定設備,岐阜県.xlsx,A841804D21,岐阜県多治見市北小木町字境546-1,35.351669,137.057922,岐阜県多治見市北小木町
岐阜県,11000.0,認定設備,岐阜県.xlsx,A862426D21,岐阜県恵那市岩村町飯羽間字小沢山3689-57,35.391758,137.422485,岐阜県恵那市岩村町飯羽間
岐阜県,7920.0,認定設備,岐阜県.xlsx,A862564D21,岐阜県高山市荘川町野々俣字後谷1030-1,36.01329,136.929581,岐阜県高山市荘川町野々俣
岐阜県,12000.0,認定設備,岐阜県.xlsx,A862596D21,岐阜県瑞浪市日吉町字郷上9293-1,35.431641,137.238403,岐阜県瑞浪市日吉町
岐阜県,8000.0,認定設備,岐阜県.xlsx,A891734D21,岐阜県加茂郡川辺町下飯田字黒エ洞367,35.476147,137.083237,岐阜県川辺町下飯田
岐阜県,42000.0,認定設備,岐阜県.xlsx,A902363D21,岐阜県郡上市美並町上田字山万辺1132-2,35.628452,136.926865,岐阜県郡上市美並町上田
静岡県,7283.1,認定設備,静岡県.xlsx,AA33788C22,静岡県浜松市西区庄和町2600-52他,34.710808,137.726303,静岡県浜松市
静岡県,10990.0,認定設備,静岡県.xlsx,AA44929C22,静岡県浜松市西区篠原町2819,34.710808,137.726303,静岡県浜松市
静岡県,6500.0,認定設備,静岡県.xlsx,AA53996C22,静岡県静岡市清水区三保387-1,35.001503,138.509064,静岡県静岡市清水区三保３８７番地
静岡県,6300.0,認定設備,静岡県.xlsx,AA82731C22,静岡県菊川市河東2463,34.671753,138.097733,静岡県菊川市河東２４６３番地
静岡県,5040.0,認定設備,静岡県.xlsx,AA82732C22,静岡県菊川市河東5261,34.672756,138.093811,静岡県菊川市河東
静岡県,8000.0,認定設備,静岡県.xlsx,AB02760C22,静岡県菊川市河東5442-34,34.663975,138.098251,静岡県菊川市河東５４４２番地
静岡県,16500.0,認定設備,静岡県.xlsx,AB19173C22,静岡県賀茂郡河津町川津筏場字天子平1596-3,34.799564,138.982498,静岡県河津町川津筏場
静岡県,32000.0,認定設備,静岡県.xlsx,AB19186C22,静岡県浜松市西区庄内町字中開1217‐1,34.710808,137.726303,静岡県浜松市
静岡県,50000.0,認定設備,静岡県.xlsx,AB38602C22,静岡県伊東市八幡野字郷堀1571,34.878273,139.085526,静岡県伊東市八幡野
静岡県,16230.0,認定設備,静岡県.xlsx,AC03270C22,静岡県牧之原市地頭方字平ノ谷709-1外178筆,34.638073,138.187775,静岡県牧之原市地頭方
静岡県,20000.0,認定設備,静岡県.xlsx,AD31754C22,静岡県牧之原市中西字堤ヶ谷550、550-2、字寺沢3-2、-6、字池之谷432-1、-27、蛭ケ谷字西ケ谷291-1、字利平407-1、字女郎ケ谷439-1、-5、字谷田462-2、-17他16筆,34.720203,138.172775,静岡県牧之原市中西
静岡県,15000.0,認定設備,静岡県.xlsx,AD96641C22,静岡県掛川市大渕1456-32,34.661816,138.008041,静岡県掛川市大渕１４５６番地
静岡県,10000.0,認定設備,静岡県.xlsx,AD96874C22,静岡県掛川市西大渕6408-142,34.688198,137.989365,静岡県掛川市西大渕
静岡県,6500.0,認定設備,静岡県.xlsx,AD96994C22,静岡県湖西市新居町中之郷3681-10,34.704826,137.563644,静岡県湖西市新居町中之郷３６８１番地
静岡県,9000.0,認定設備,静岡県.xlsx,AE03010C22,静岡県伊豆の国市北江間字横根沢1697-1,35.054241,138.91568,静岡県伊豆の国市北江間
静岡県,8160.0,認定設備,静岡県.xlsx,AE04283C22,静岡県伊豆市大野字大久保1756-2,34.996456,138.987183,静岡県伊豆市大野
静岡県,20000.0,認定設備,静岡県.xlsx,AE04289C22,静岡県賀茂郡南伊豆町大瀬字本瀬852-6,34.623112,138.854202,静岡県南伊豆町大瀬
静岡県,40000.0,認定設備,静岡県.xlsx,AE04378C22,静岡県伊東市鎌田字落合1298-1,34.937912,139.063339,静岡県伊東市鎌田
静岡県,14700.0,認定設備,静岡県.xlsx,AF37686C22,静岡県下田市加増野舟木平646-1,34.72298,138.871155,静岡県下田市加増野
静岡県,10000.0,認定設備,静岡県.xlsx,AF37813C22,"静岡県下田市加増野字大野1027-1、1027-2、字平敷平1028、字白根ノ滝1031、字ホヲロクバチ1042、横川字切田沢96、97-1、97-2、字黒岩1285、字切田沢1286、1287、1288、1289、1290、字宝縁嶺1301-2,",34.72298,138.871155,静岡県下田市加増野
静岡県,5000.0,認定設備,静岡県.xlsx,AF62849C22,静岡県湖西市新居町浜名1181,34.68494,137.553955,静岡県湖西市新居町浜名１１８１番地
静岡県,14220.0,認定設備,静岡県.xlsx,AF75854C22,静岡県駿東郡小山町湯船1277-1246他208筆,35.372368,138.958786,静岡県小山町湯船１２７７番地
静岡県,9450.0,認定設備,静岡県.xlsx,AG51151C22,静岡県牧之原市地頭方字堂田1702-3 他107筆,34.638073,138.187775,静岡県牧之原市地頭方
静岡県,8000.0,認定設備,静岡県.xlsx,AH78322C22,静岡県静岡市清水区三保字乾尻3797-68,35.006561,138.517792,静岡県静岡市清水区三保
静岡県,10665.0,認定設備,静岡県.xlsx,AZ99258C22,静岡県牧之原市地頭方字狐田1653-1,34.638073,138.187775,静岡県牧之原市地頭方
愛知県,7000.0,認定設備,愛知県.xlsx,6C21739423,愛知県名古屋市中村区岩塚町字高道1-1,35.152813,136.848038,愛知県名古屋市中村区岩塚町高道１番地
愛知県,35000.0,認定設備,愛知県.xlsx,A677310D23,愛知県田原市緑が浜二号2-27,34.723255,137.27684,愛知県田原市緑が浜二号２番地
愛知県,12000.0,認定設備,愛知県.xlsx,A687503D23,愛知県豊川市平尾町井ノ間13-2、池ノ入1-1、8、10、12~25、25-1、26~30、31-1~5、32~54、55-1、56、56-1~6、-8、57、58、59-1、60、65-1、66-1他44筆,34.854561,137.347427,愛知県豊川市平尾町井ノ間１３番地
愛知県,29000.0,認定設備,愛知県.xlsx,A689851D23,愛知県田原市緑が浜二号1-2,34.723255,137.27684,愛知県田原市緑が浜二号
愛知県,26500.0,認定設備,愛知県.xlsx,A689852D23,愛知県田原市白浜二号2-1,34.696781,137.246674,愛知県田原市白浜二号
愛知県,13600.0,認定設備,愛知県.xlsx,A697549D23,愛知県豊田市御作町下山901-1,35.188484,137.237503,愛知県豊田市御作町下河原
愛知県,12000.0,認定設備,愛知県.xlsx,A697708D23,愛知県田原市白浜二号1-3,34.696781,137.246674,愛知県田原市白浜二号
愛知県,10500.0,認定設備,愛知県.xlsx,A697710D23,愛知県知多郡美浜町古布字屋敷73-1,34.759651,136.923874,愛知県美浜町大字古布屋敷７３番地
愛知県,14490.0,認定設備,愛知県.xlsx,A702625D23,愛知県半田市上浜町1-7,34.898521,136.940842,愛知県半田市上浜町１番地
愛知県,9020.0,認定設備,愛知県.xlsx,A767352D23,愛知県知多市緑浜町4,34.95768,136.819,愛知県知多市緑浜町
愛知県,11977.6,認定設備,愛知県.xlsx,A767367D23,愛知県田原市和地町北山12-2,34.60025,137.118454,愛知県田原市和地町北山１２番地
愛知県,11000.0,認定設備,愛知県.xlsx,A770886D23,愛知県知多郡武豊町字二ツ峰70-2,34.871105,136.880814,愛知県武豊町二ツ峯７０番地
愛知県,11880.0,認定設備,愛知県.xlsx,A775713D23,愛知県豊田市大畑町大原462-1,35.160275,137.10408,愛知県豊田市大畑町大原４６２番地
愛知県,41250.0,認定設備,愛知県.xlsx,A790360D23,愛知県豊田市井ノ口町三ツ足1-42,35.135647,137.287384,愛知県豊田市井ノ口町
愛知県,10000.0,認定設備,愛知県.xlsx,A857015D23,愛知県知多市佐布里字二番鐘13-1,34.964085,136.904449,愛知県知多市佐布里二番鐘
愛知県,24000.0,認定設備,愛知県.xlsx,A861625D23,愛知県瀬戸市上半田川町1138-7,35.269501,137.146484,愛知県瀬戸市上半田川町１１３８番地
愛知県,25000.0,認定設備,愛知県.xlsx,A862039423,愛知県犬山市大字今井字東山11,35.36129,137.020157,愛知県犬山市大字今井東山
愛知県,18000.0,認定設備,愛知県.xlsx,AB46989423,愛知県知多市北浜町26-1,34.996735,136.853958,愛知県知多市北浜町
三重県,11600.0,認定設備,三重県.xlsx,A691138D24,三重県伊賀市ゆめが丘1-2-1,34.741104,136.154373,三重県伊賀市ゆめが丘一丁目２番
三重県,35000.0,認定設備,三重県.xlsx,A694431D24,三重県桑名市長島町老松7,35.039745,136.749634,三重県桑名市長島町老松
三重県,59900.0,認定設備,三重県.xlsx,A697696D24,三重県度会郡度会町上久具字南谷1491,34.425636,136.602768,三重県度会町上久具
三重県,7000.0,認定設備,三重県.xlsx,A697707D24,三重県津市江戸橋3-76,34.737465,136.525681,三重県津市江戸橋三丁目７６番地
三重県,6600.0,認定設備,三重県.xlsx,A713532D24,三重県度会郡南伊勢町神津佐字藤原573-2,34.351517,136.735321,三重県南伊勢町神津佐
三重県,6000.0,認定設備,三重県.xlsx,A713570D24,三重県四日市市西坂部町字小松ヶ谷1319,35.004116,136.585342,三重県四日市市西坂部町
三重県,10500.0,認定設備,三重県.xlsx,A713653D24,三重県松阪市山室町字貝場2234-1,34.532288,136.511337,三重県松阪市山室町
三重県,37000.0,認定設備,三重県.xlsx,A713665D24,三重県三重郡菰野町大字田口字福王山2404-3,35.083645,136.486252,三重県菰野町田口
三重県,6000.0,認定設備,三重県.xlsx,A713685D24,三重県いなべ市大安町石榑南字前林1642,35.105591,136.474472,三重県いなべ市大安町石榑南
三重県,49976.0,認定設備,三重県.xlsx,A713702D24,三重県伊賀市比土字三谷4207-4,34.653652,136.15683,三重県伊賀市比土
三重県,42000.0,認定設備,三重県.xlsx,A713712D24,三重県津市白山町三ケ野鳶ケ洞3138,34.672649,136.384201,三重県津市白山町三ヶ野
三重県,7976.0,認定設備,三重県.xlsx,A767246D24,三重県伊賀市炊村字野畑2831-1,34.782089,136.204849,三重県伊賀市炊村
三重県,17000.0,認定設備,三重県.xlsx,A767362D24,三重県津市白山町川口字濡谷5543-16,34.625126,136.352844,三重県津市白山町川口
三重県,11250.0,認定設備,三重県.xlsx,A767413D24,三重県志摩市磯部町穴川東坊701-61,34.352276,136.809341,三重県志摩市磯部町穴川
三重県,20000.0,認定設備,三重県.xlsx,A770812D24,三重県津市白山町川口字熊倉5640,34.625126,136.352844,三重県津市白山町川口
三重県,10500.0,認定設備,三重県.xlsx,A770841D24,三重県伊勢市小俣町新村10,34.517265,136.656235,三重県伊勢市小俣町新村
三重県,7315.0,認定設備,三重県.xlsx,A770852D24,三重県津市白山町垣内字峯山322-34,34.685581,136.283661,三重県津市白山町垣内
三重県,10500.0,認定設備,三重県.xlsx,A775616D24,三重県志摩市阿児町立神字河原452-1,34.299629,136.862869,三重県志摩市阿児町立神
三重県,7560.0,認定設備,三重県.xlsx,A775680D24,三重県伊賀市白樫字鋳物師谷3040-1,34.729774,136.07634,三重県伊賀市白樫
三重県,16100.0,認定設備,三重県.xlsx,A775702D24,三重県鳥羽市船津町字樋ノ山137-2,34.463554,136.837265,三重県鳥羽市船津町
三重県,10000.0,認定設備,三重県.xlsx,A775754D24,三重県四日市市山田町字大坪188,34.945129,136.53714,三重県四日市市山田町
三重県,10000.0,認定設備,三重県.xlsx,A781545D24,三重県四日市市貝家町字荒起1247-1,34.930248,136.566483,三重県四日市市貝家町
三重県,7560.0,認定設備,三重県.xlsx,A781582D24,三重県津市榊原町字古井谷5636,34.706676,136.355804,三重県津市榊原町
三重県,19000.0,認定設備,三重県.xlsx,A781637D24,三重県鳥羽市堅子町字前山244-1,34.390327,136.871368,三重県鳥羽市堅子町
三重県,37500.0,認定設備,三重県.xlsx,A781659D24,三重県伊賀市島ケ原字柿ノ木坂7313,34.770733,136.054337,三重県伊賀市島ヶ原
三重県,13486.5,認定設備,三重県.xlsx,A785730D24,三重県四日市市桜町字大井川ケ5155,34.987961,136.506241,三重県四日市市桜町
三重県,18000.0,認定設備,三重県.xlsx,A785744D24,三重県津市白山町二俣字宮ぞ谷1543,34.62088,136.298676,三重県津市白山町二俣
三重県,35000.0,認定設備,三重県.xlsx,A785794D24,三重県津市一志町波瀬字岩ノ谷3158,34.607075,136.373367,三重県津市一志町波瀬
三重県,12500.0,認定設備,三重県.xlsx,A790338D24,三重県松阪市嬉野宮野町字古田852-2,34.601009,136.40686,三重県松阪市嬉野宮野町
三重県,50000.0,認定設備,三重県.xlsx,A790354D24,三重県四日市市波木町字板井橋1726-1,34.942745,136.558685,三重県四日市市波木町
三重県,10080.0,認定設備,三重県.xlsx,A790391D24,三重県鳥羽市船津町字盆田118,34.463554,136.837265,三重県鳥羽市船津町
三重県,26000.0,認定設備,三重県.xlsx,A817570D24,三重県松阪市嬉野釜生田町字コヲサ1180,34.616718,136.423401,三重県松阪市嬉野釜生田町
三重県,11250.0,認定設備,三重県.xlsx,A830236D24,三重県度会郡南伊勢町神津佐字長峯809‐32,34.351517,136.735321,三重県南伊勢町神津佐
三重県,12000.0,認定設備,三重県.xlsx,A852787D24,三重県いなべ市藤原町篠立字横谷3208,35.213722,136.445129,三重県いなべ市藤原町篠立
三重県,9500.0,認定設備,三重県.xlsx,A857103D24,三重県度会郡南伊勢町相賀浦字地獄谷662-3,34.293659,136.638794,三重県南伊勢町相賀浦
三重県,11400.0,認定設備,三重県.xlsx,A861618D24,三重県志摩市磯部町山田字小海709,34.389458,136.838867,三重県志摩市磯部町山田
三重県,12000.0,認定設備,三重県.xlsx,A861789D24,三重県鳥羽市松尾町字片ビタ1343-3,34.422092,136.842102,三重県鳥羽市松尾町
三重県,12000.0,認定設備,三重県.xlsx,A862057D24,三重県松阪市庄町字トトキ谷1288-1,34.508556,136.510117,三重県松阪市庄町
三重県,70000.0,認定設備,三重県.xlsx,A862587D24,三重県松阪市嬉野森本町字滑谷1555-15,34.584213,136.438644,三重県松阪市嬉野森本町
三重県,10500.0,認定設備,三重県.xlsx,A885440D24,三重県鳥羽市松尾町字片ビタ1343-2,34.422092,136.842102,三重県鳥羽市松尾町
三重県,19500.0,認定設備,三重県.xlsx,A916367D24,三重県津市一志町其倉字唐工藤37-10,34.666164,136.408859,三重県津市一志町其倉
三重県,20000.0,認定設備,三重県.xlsx,A943262D24,三重県鈴鹿市広瀬町字東野2872-1,34.891834,136.500137,三重県鈴鹿市広瀬町
三重県,89600.0,認定設備,三重県.xlsx,AB69311424,三重県津市白山町三ケ野字岩ノ谷1335,34.672649,136.384201,三重県津市白山町三ヶ野
滋賀県,10000.0,認定設備,滋賀県.xlsx,A729412E25,滋賀県甲賀市水口町今郷字大水戸1352-1,34.963516,136.208389,滋賀県甲賀市水口町今郷
滋賀県,7000.0,認定設備,滋賀県.xlsx,A815608E25,滋賀県草津市矢橋町字帰帆2108,35.006454,135.926544,滋賀県草津市矢橋町
滋賀県,9000.0,認定設備,滋賀県.xlsx,A895930E25,滋賀県高島市新旭町安井川字下平1481,35.355904,136.017715,滋賀県高島市新旭町安井川
滋賀県,9875.0,認定設備,滋賀県.xlsx,A965016E25,滋賀県東近江市永源寺相谷町字左上田1518‐3,35.067837,136.32608,滋賀県東近江市永源寺相谷町
滋賀県,23000.0,認定設備,滋賀県.xlsx,AB87550525,滋賀県米原市春照字北野138,35.385132,136.378174,滋賀県米原市春照
滋賀県,19500.0,認定設備,滋賀県.xlsx,AC22564525,滋賀県蒲生郡日野町大字別所字平子1093‐494,34.995293,136.21106,滋賀県日野町別所
京都府,8000.0,認定設備,京都府.xlsx,A729712E26,京都府京都市伏見区小栗栖山口町2 他(別紙のとおり),34.949406,135.798309,京都府京都市伏見区小栗栖山口町
京都府,7500.0,認定設備,京都府.xlsx,A793016E26,京都府亀岡市本梅町西加舎岩尾鳥木谷1-11,35.007515,135.468445,京都府亀岡市本梅町西加舎
京都府,23000.0,認定設備,京都府.xlsx,A815656E26,京都府京都市伏見区醍醐陀羅谷山2-3,34.95821,135.851807,京都府京都市伏見区醍醐陀羅谷
京都府,9980.0,認定設備,京都府.xlsx,A830553E26,京都府亀岡市曽我部町法貴西松尾4,34.982513,135.524979,京都府亀岡市曽我部町法貴
京都府,9990.0,認定設備,京都府.xlsx,A894478E26,京都府船井郡京丹波町井脇八田尻11-1,35.191929,135.362549,京都府京丹波町井脇
京都府,27928.0,認定設備,京都府.xlsx,A895951E26,京都府相楽郡和束町大字釜塚小字洗場43,34.792019,135.925659,京都府和束町釜塚
京都府,9990.0,認定設備,京都府.xlsx,A896502E26,京都府南丹市八木町室河原原ケ谷1-2,35.096539,135.494675,京都府南丹市八木町室河原
大阪府,6000.0,認定設備,大阪府.xlsx,A693119E27,大阪府泉南郡岬町多奈川東畑1133-7,34.292637,135.131622,大阪府岬町多奈川東畑
大阪府,9990.0,認定設備,大阪府.xlsx,A706496E27,大阪府大阪市此花区夢洲東1地先,34.65078,135.396851,大阪府大阪市此花区夢洲東一丁目
大阪府,9500.0,認定設備,大阪府.xlsx,A729496E27,大阪府泉南市泉州空港南9-1,34.421154,135.228882,大阪府泉南市泉州空港南
大阪府,15000.0,認定設備,大阪府.xlsx,A729501E27,大阪府泉大津市夕凪町7,34.52037,135.378952,大阪府泉大津市夕凪町
大阪府,11000.0,認定設備,大阪府.xlsx,A729645E27,大阪府泉佐野市日根野5560-1、-274、-275、-276、-277、-278、279、-280他2筆,34.359127,135.349289,大阪府泉佐野市日根野５５６０番地
大阪府,8000.0,認定設備,大阪府.xlsx,A830539E27,大阪府泉南郡岬町深日1308-6,34.31501,135.155136,大阪府岬町深日１３０８番地
大阪府,6500.0,認定設備,大阪府.xlsx,A896371E27,大阪府大阪市住之江区南港中1-9-1,34.624767,135.42691,大阪府大阪市住之江区南港中一丁目
大阪府,18000.0,認定設備,大阪府.xlsx,AA96295527,大阪府高石市高砂1-1-1,34.538666,135.410507,大阪府高石市高砂一丁目１番地
兵庫県,6990.0,認定設備,兵庫県.xlsx,A679001E28,兵庫県淡路市佐野新島9-1の一部,34.452477,134.92897,兵庫県淡路市佐野新島９番地
兵庫県,9990.0,認定設備,兵庫県.xlsx,A698125E28,兵庫県明石市魚住清水字大澤岡山2744-3他、加古郡稲美町六分一字山中池1181-3蕩ヶ谷1183-3,34.698284,134.90834,兵庫県明石市魚住町鴨池
兵庫県,10000.0,認定設備,兵庫県.xlsx,A701678528,兵庫県姫路市飾磨区妻鹿日田町1-1,34.779167,134.683228,兵庫県姫路市飾磨区妻鹿日田町１番地
兵庫県,7000.0,認定設備,兵庫県.xlsx,A714369E28,兵庫県三田市池尻字真谷奥287-2,34.891495,135.18129,兵庫県三田市池尻
兵庫県,7250.0,認定設備,兵庫県.xlsx,A721820E28,兵庫県神戸市西区押部谷町木津字紫微嶺谷1584-11,34.743729,135.090973,兵庫県神戸市西区押部谷町木津
兵庫県,33500.0,認定設備,兵庫県.xlsx,A721884E28,兵庫県淡路市津名の郷1-3,34.474239,134.923447,兵庫県淡路市津名の郷
兵庫県,9990.0,認定設備,兵庫県.xlsx,A722063E28,兵庫県赤穂市西浜町997-1,34.746067,134.372498,兵庫県赤穂市西浜町９９７番地
兵庫県,8000.0,認定設備,兵庫県.xlsx,A722164E28,兵庫県洲本市由良町内田字坊ヶ谷931,34.304962,134.917938,兵庫県洲本市由良町内田
兵庫県,5800.0,認定設備,兵庫県.xlsx,A729402E28,兵庫県三田市池尻字北谷240-31,34.891495,135.18129,兵庫県三田市池尻
兵庫県,8000.0,認定設備,兵庫県.xlsx,A729417E28,兵庫県尼崎市船出29,34.6824,135.385864,兵庫県尼崎市船出
兵庫県,13600.0,認定設備,兵庫県.xlsx,A729497E28,兵庫県丹波市山南町草部字立石甲49-1,35.103413,135.004959,兵庫県丹波市山南町草部
兵庫県,6000.0,認定設備,兵庫県.xlsx,A729519E28,兵庫県三田市学園1-892,34.914062,135.160263,兵庫県三田市学園一丁目
兵庫県,7920.0,認定設備,兵庫県.xlsx,A729523E28,兵庫県淡路市野島大川字二服川319-25,34.577126,134.966766,兵庫県淡路市野島大川
兵庫県,30000.0,認定設備,兵庫県.xlsx,A729589E28,兵庫県淡路市野島貴船字平見206-1,34.586014,134.975342,兵庫県淡路市野島貴船
兵庫県,9520.0,認定設備,兵庫県.xlsx,A729729E28,兵庫県南あわじ市阿那賀1629-1,34.274448,134.674454,兵庫県南あわじ市阿那賀
兵庫県,9700.0,認定設備,兵庫県.xlsx,A729783E28,兵庫県相生市矢野町榊字北黒蔵1346-1,34.892929,134.468948,兵庫県相生市矢野町榊
兵庫県,9700.0,認定設備,兵庫県.xlsx,A729794E28,兵庫県相生市矢野町榊字北黒蔵1434、1435、1707、字長ノ尾1768-1、-2、-3、-4、-5、1774-115、-116、-117、-118、-119、-133、-134、1775-1、-2他13筆,34.892929,134.468948,兵庫県相生市矢野町榊
兵庫県,10000.0,認定設備,兵庫県.xlsx,A768973E28,兵庫県佐用郡佐用町口金近字日飼谷314他,35.017223,134.389557,兵庫県佐用町口金近
兵庫県,12504.1,認定設備,兵庫県.xlsx,A792956E28,兵庫県多可郡多可町中区西安田字長坂山725,35.054394,134.947327,兵庫県多可町中区西安田
兵庫県,16000.0,認定設備,兵庫県.xlsx,A799310E28,兵庫県小野市復井町字青野1711-1,34.9063,134.92691,兵庫県小野市復井町
兵庫県,8000.0,認定設備,兵庫県.xlsx,A815568E28,兵庫県姫路市大塩町1981-1,34.772888,134.763718,兵庫県姫路市大塩町１９８１番地
兵庫県,9240.0,認定設備,兵庫県.xlsx,A815584E28,兵庫県相生市青葉台1979-1 他(別紙のとおり),34.812454,134.451035,兵庫県相生市青葉台
兵庫県,8800.0,認定設備,兵庫県.xlsx,A815599E28,兵庫県姫路市的形町的形字七軒筋1884-1,34.781437,134.746811,兵庫県姫路市的形町的形７番地
兵庫県,7500.0,認定設備,兵庫県.xlsx,A830533E28,兵庫県加東市平木字御嶽山1310-1,34.966377,135.079849,兵庫県加東市平木
兵庫県,9000.0,認定設備,兵庫県.xlsx,A830588E28,兵庫県姫路市飾東町庄字炭加満山727-2,34.844154,134.735596,兵庫県姫路市飾東町庄
兵庫県,5000.0,認定設備,兵庫県.xlsx,A830693E28,兵庫県南あわじ市阿万上町字四社谷2012-1,34.225586,134.738953,兵庫県南あわじ市阿万上町４番地
兵庫県,18000.0,認定設備,兵庫県.xlsx,A868166E28,兵庫県加西市栄町字北山壱360 他(別紙のとおり),34.873318,134.896164,兵庫県加西市栄町
兵庫県,10500.0,認定設備,兵庫県.xlsx,A894470E28,兵庫県淡路市小倉字新小倉114,34.547092,134.940323,兵庫県淡路市小倉新小倉
兵庫県,6500.0,認定設備,兵庫県.xlsx,A896144E28,兵庫県西宮市国見台2-3,34.839008,135.310837,兵庫県西宮市国見台二丁目
兵庫県,26000.0,認定設備,兵庫県.xlsx,A896340E28,兵庫県丹波市市島町下竹田字割谷2113-7,35.245533,135.153137,兵庫県丹波市市島町下竹田
兵庫県,9927.0,認定設備,兵庫県.xlsx,A896559E28,兵庫県姫路市夢前町前之庄字水谷925,34.970455,134.687607,兵庫県姫路市夢前町前之庄
兵庫県,10900.0,認定設備,兵庫県.xlsx,A896583E28,兵庫県神戸市北区道場町生野字ロクゴ325,34.864738,135.266663,兵庫県神戸市北区道場町生野
兵庫県,40000.0,認定設備,兵庫県.xlsx,A896597E28,兵庫県神戸市北区山田町坂本字桾原8,34.767868,135.121368,兵庫県神戸市北区山田町坂本桾原
兵庫県,5000.0,認定設備,兵庫県.xlsx,A902400E28,兵庫県佐用郡佐用町下徳久字西谷307-4,34.998714,134.390793,兵庫県佐用町下徳久
兵庫県,5010.2,認定設備,兵庫県.xlsx,A905748E28,兵庫県姫路市飾東町八重畑字藤原1398-42,34.862442,134.774826,兵庫県姫路市飾東町八重畑
兵庫県,9900.0,認定設備,兵庫県.xlsx,A917596E28,兵庫県西宮市国見台3-4,34.839684,135.305893,兵庫県西宮市国見台三丁目
兵庫県,10000.0,認定設備,兵庫県.xlsx,A944432E28,兵庫県赤穂郡上郡町行頭字山田768-1,34.853939,134.266769,兵庫県上郡町行頭
兵庫県,10000.0,認定設備,兵庫県.xlsx,A948345E28,兵庫県佐用郡佐用町佐用字秀谷2695-219他(別紙のとおり),35.00354,134.3629,兵庫県佐用町佐用
兵庫県,50000.0,認定設備,兵庫県.xlsx,A956345528,兵庫県姫路市夢前町新庄字野尻663,34.995903,134.680222,兵庫県姫路市夢前町新庄
兵庫県,8000.0,認定設備,兵庫県.xlsx,A960190E28,兵庫県小野市昭和町字壱町通457-1,34.874729,134.907349,兵庫県小野市昭和町
兵庫県,60000.0,認定設備,兵庫県.xlsx,A971799E28,兵庫県赤穂郡上郡町八保字小家ノ谷丙548-1,34.886497,134.294052,兵庫県上郡町八保
兵庫県,62880.0,認定設備,兵庫県.xlsx,AZ98030E28,兵庫県赤穂郡上郡町楠字見山ノ西904-4,34.932178,134.360382,兵庫県上郡町楠
兵庫県,85000.0,認定設備,兵庫県.xlsx,AZ99848E28,兵庫県三田市上本庄字奥山1215,34.998466,135.190948,兵庫県三田市上本庄
奈良県,6000.0,認定設備,奈良県.xlsx,A716272E29,奈良県奈良市上深川町757-5,34.638786,135.98645,奈良県奈良市上深川町
奈良県,6250.0,認定設備,奈良県.xlsx,A729587E29,奈良県五條市なつみ台3‐1,34.343941,135.664398,奈良県五條市なつみ台三丁目
奈良県,21780.0,認定設備,奈良県.xlsx,A729703E29,奈良県生駒郡平群町大字櫟原832-1,34.645954,135.68103,奈良県平群町櫟原
奈良県,24309.0,認定設備,奈良県.xlsx,A799266E29,奈良県吉野郡吉野町大字左曽192-1,34.378147,135.843552,奈良県吉野町左曽
奈良県,20000.0,認定設備,奈良県.xlsx,A799349E29,奈良県天理市福住町5498 他(別紙のとおり),34.61232,135.914047,奈良県天理市福住町
奈良県,10000.0,認定設備,奈良県.xlsx,A815697E29,奈良県天理市福住町6221-1,34.61232,135.914047,奈良県天理市福住町
和歌山県,8915.0,認定設備,和歌山県.xlsx,A729521E30,和歌山県西牟婁郡上富田町生馬字十林3234-3,33.685993,135.459137,和歌山県上富田町生馬
和歌山県,6500.0,認定設備,和歌山県.xlsx,A729522E30,和歌山県西牟婁郡上富田町生馬字十林1414,33.685993,135.459137,和歌山県上富田町生馬
和歌山県,29700.0,認定設備,和歌山県.xlsx,A729586E30,和歌山県有田市港町845-40,34.090191,135.100189,和歌山県有田市港町８４５番地
和歌山県,29998.2,認定設備,和歌山県.xlsx,A729668E30,和歌山県西牟婁郡白浜町堅田字上垣内1597,33.676655,135.382187,和歌山県白浜町堅田
和歌山県,6000.0,認定設備,和歌山県.xlsx,A752836E30,和歌山県西牟婁郡すさみ町口和深字方地谷421,33.53167,135.521515,和歌山県すさみ町口和深
和歌山県,17000.0,認定設備,和歌山県.xlsx,A792986E30,和歌山県和歌山市深山字黒谷600-2,34.290474,135.083588,和歌山県和歌山市深山
和歌山県,6000.0,認定設備,和歌山県.xlsx,A793090E30,和歌山県有田郡有田川町大字上六川小字西上奥649-2,34.107285,135.253342,和歌山県有田川町上六川
和歌山県,8000.0,認定設備,和歌山県.xlsx,A815600E30,和歌山県岩出市山字池ノ前293-1,34.281986,135.278839,和歌山県岩出市山
和歌山県,23942.4,認定設備,和歌山県.xlsx,A815631E30,和歌山県和歌山市深山字枯木田541-1他(別紙のとおり),34.290474,135.083588,和歌山県和歌山市深山
和歌山県,10000.0,認定設備,和歌山県.xlsx,A815779E30,和歌山県有田郡有田川町大字上六川字西上奥649-31,34.107285,135.253342,和歌山県有田川町上六川
和歌山県,12000.0,認定設備,和歌山県.xlsx,A815786E30,和歌山県日高郡日高川町大字小釜本字宮ノ谷604-9,33.943165,135.318787,和歌山県日高川町小釜本
和歌山県,9000.0,認定設備,和歌山県.xlsx,A830534E30,和歌山県紀の川市桃山町善田字愛子1187-108,34.219513,135.394897,和歌山県紀の川市桃山町善田
和歌山県,6400.0,認定設備,和歌山県.xlsx,A830710E30,和歌山県西牟婁郡上富田町市ノ瀬字汗川2688-1,33.726578,135.467224,和歌山県上富田町市ノ瀬
和歌山県,6000.0,認定設備,和歌山県.xlsx,A830713E30,和歌山県紀の川市竹房字寺山778-61,34.230064,135.364487,和歌山県紀の川市竹房
和歌山県,7692.0,認定設備,和歌山県.xlsx,A830724E30,和歌山県西牟婁郡すさみ町口和深字黒崎485-20 他(別紙のとおり),33.53167,135.521515,和歌山県すさみ町口和深
和歌山県,19420.8,認定設備,和歌山県.xlsx,A830747E30,和歌山県和歌山市新庄字乳母懐185-2,34.239658,135.289551,和歌山県和歌山市新庄
和歌山県,92400.0,認定設備,和歌山県.xlsx,A896296E30,和歌山県西牟婁郡上富田町岡字奥草1970-94,33.739517,135.454971,和歌山県上富田町岡
和歌山県,6460.0,認定設備,和歌山県.xlsx,A896486E30,和歌山県岩出市根来字洞尾2274-40,34.289898,135.317795,和歌山県岩出市根来
和歌山県,5228.1,認定設備,和歌山県.xlsx,A896578E30,和歌山県紀の川市貴志川町岸小野字鷹巣466-1 他(別紙のとおり),34.206688,135.328613,和歌山県紀の川市貴志川町岸小野
和歌山県,29990.0,認定設備,和歌山県.xlsx,A940677E30,和歌山県日高郡日高川町大字船津字岩坂1813,33.954975,135.270752,和歌山県日高川町船津
和歌山県,6000.0,認定設備,和歌山県.xlsx,AA96296530,和歌山県有田市初島町浜字西ノ浜1770-2,34.102943,135.117538,和歌山県有田市初島町浜
鳥取県,28000.0,認定設備,鳥取県.xlsx,A613312F31,鳥取県米子市葭津字中海ノ一2000-9,35.477367,133.241257,鳥取県米子市葭津
鳥取県,15750.0,認定設備,鳥取県.xlsx,A635635F31,鳥取県西伯郡大山町豊房字馬越背3961,35.432671,133.537155,鳥取県大山町豊房
鳥取県,5000.0,認定設備,鳥取県.xlsx,A638436F31,鳥取県西伯郡大山町豊房字上河原2372-1,35.432671,133.537155,鳥取県大山町豊房
鳥取県,32500.0,認定設備,鳥取県.xlsx,A667891F31,鳥取県倉吉市和田字夏谷813,35.446133,133.811096,鳥取県倉吉市和田
鳥取県,18900.0,認定設備,鳥取県.xlsx,A689750F31,鳥取県米子市淀江町稲吉字大溝裾1197-1152,35.436966,133.462189,鳥取県米子市淀江町稲吉
鳥取県,8400.0,認定設備,鳥取県.xlsx,A689926F31,鳥取県東伯郡三朝町大字吉尾字宮ノ峰393-2,35.382401,133.900879,鳥取県三朝町吉尾
鳥取県,24500.0,認定設備,鳥取県.xlsx,A691901F31,鳥取県米子市淀江町稲吉字長谷1058-4、-32、中西尾字大平336-15、中西尾字一ノ谷337-1、338-1、字本谷339-1、-3、-171、-317、-354、本宮字田東平818-1、他32筆,35.436966,133.462189,鳥取県米子市淀江町稲吉
鳥取県,9950.0,認定設備,鳥取県.xlsx,A750897F31,鳥取県西伯郡伯耆町福兼字末鎌上ノ原339-2,35.34853,133.500183,鳥取県伯耆町福兼
島根県,10000.0,認定設備,島根県.xlsx,A632644F32,島根県浜田市長浜町517,34.872005,132.03949,島根県浜田市長浜町
島根県,9795.0,認定設備,島根県.xlsx,A635815F32,島根県浜田市金城町今福1478-1,34.890106,132.213791,島根県浜田市金城町今福
島根県,9901.6,認定設備,島根県.xlsx,A669835F32,島根県浜田市内田町632,34.862518,132.06958,島根県浜田市内田町
島根県,36000.0,認定設備,島根県.xlsx,A674236F32,島根県邑智郡邑南町上亀谷2075,34.820454,132.519897,島根県邑南町上亀谷
島根県,10000.0,認定設備,島根県.xlsx,A689922F32,島根県出雲市上塩冶町字上沢2265-1、-2、2262-1、2259-1、2928-1、2138-1、2143-1、2135、2093-1、2087、2095-3、2102-1、-5、2103-3、-11他93筆,35.347153,132.771698,島根県出雲市上塩冶町
島根県,9000.0,認定設備,島根県.xlsx,A725786F32,島根県出雲市多伎町久村1144,35.28841,132.651276,島根県出雲市多伎町久村
島根県,5000.0,認定設備,島根県.xlsx,A730127F32,島根県仁多郡奥出雲町亀嵩2370-2,35.225025,133.081482,島根県奥出雲町亀嵩
島根県,25875.0,認定設備,島根県.xlsx,A899647632,島根県雲南市掛合町多根1390番2,35.240143,132.804489,島根県雲南市掛合町多根
岡山県,26460.0,認定設備,岡山県.xlsx,A623980F33,岡山県久米郡久米南町上弓削字成高下1182-1他93筆,34.941193,133.967117,岡山県久米南町上弓削
岡山県,30240.0,認定設備,岡山県.xlsx,A625150F33,岡山県美作市粟野777-1外329筆,35.07877,134.270935,岡山県美作市粟野
岡山県,14000.0,認定設備,岡山県.xlsx,A631568F33,岡山県玉野市東野崎12-8,34.540157,133.99469,岡山県玉野市東野崎
岡山県,28000.0,認定設備,岡山県.xlsx,A633958F33,岡山県岡山市北区富吉2515-3,34.734905,133.862778,岡山県岡山市北区富吉
岡山県,185980.0,認定設備,岡山県.xlsx,A639192F33,岡山県瀬戸内市牛窓町牛窓1099-3,34.628304,134.159119,岡山県瀬戸内市牛窓町牛窓
岡山県,27720.0,認定設備,岡山県.xlsx,A642840F33,岡山県新見市哲多町大字大野字チョシヤ原290-3他,34.948921,133.404388,岡山県新見市哲多町大野
岡山県,10880.0,認定設備,岡山県.xlsx,A642847F33,岡山県新見市神郷高瀬字虫送3255,35.085232,133.325714,岡山県新見市神郷高瀬
岡山県,25840.0,認定設備,岡山県.xlsx,A642848F33,岡山県久米郡美咲町西垪和字荒田1400-4,34.960236,133.831787,岡山県美咲町西垪和
岡山県,55976.0,認定設備,岡山県.xlsx,A644064F33,岡山県久米郡美咲町八神字宝増原603-1,35.005901,134.008301,岡山県美咲町八神
岡山県,8000.0,認定設備,岡山県.xlsx,A659717633,岡山県倉敷市児島上の町字岩葉田3076-4,34.497074,133.827179,岡山県倉敷市児島上の町
岡山県,9890.1,認定設備,岡山県.xlsx,A664174F33,岡山県真庭市五名字ひな山1288-1,34.989948,133.656021,岡山県真庭市五名
岡山県,23760.0,認定設備,岡山県.xlsx,A675457F33,岡山県久米郡美咲町塩気字北谷476,34.984493,134.096375,岡山県美咲町塩気
岡山県,24000.0,認定設備,岡山県.xlsx,A678515F33,岡山県美作市北山字引谷484,35.030003,134.162201,岡山県美作市北山
岡山県,9990.0,認定設備,岡山県.xlsx,A689667F33,岡山県真庭市杉山字赤井谷372-1,35.051182,133.699066,岡山県真庭市杉山
岡山県,22000.0,認定設備,岡山県.xlsx,A689672F33,岡山県高梁市中井町津々191-3、244、245、246-3、-4、-5、247、251-1、-2、252-1、253、254-1、255、256、257-1、-2、258-1、-2、259、260他155筆,34.925705,133.603592,岡山県高梁市中井町津々
岡山県,10500.0,認定設備,岡山県.xlsx,A689740F33,岡山県勝田郡奈義町中島西1461-4、-6、-16、1462-1、-2、-3、-4、-5、-6、-8、-9、1474、1461-12、-13、-15、1467、1469、1470、1471、1473他8筆,35.103378,134.158707,岡山県奈義町中島西
岡山県,9600.0,認定設備,岡山県.xlsx,A689789F33,岡山県新見市神郷高瀬鷲尾3677,35.085232,133.325714,岡山県新見市神郷高瀬
岡山県,30000.0,認定設備,岡山県.xlsx,A689960F33,岡山県津山市一宮字甲柏谷865-1,35.096001,133.984589,岡山県津山市一宮
岡山県,7560.0,認定設備,岡山県.xlsx,A703830F33,岡山県岡山市北区西山内字子ジ松1891-1,34.767075,133.754868,岡山県岡山市北区西山内
岡山県,27976.0,認定設備,岡山県.xlsx,A721473F33,岡山県備前市西片上781-1,34.755268,134.174484,岡山県備前市西片上７８１番地
岡山県,13500.0,認定設備,岡山県.xlsx,A723865F33,岡山県勝田郡勝央町福吉字バガシ所545-1,35.046021,134.090439,岡山県勝央町福吉
岡山県,10000.0,認定設備,岡山県.xlsx,A731826F33,岡山県勝田郡奈義町高円字出晴1123-22,35.148697,134.187607,岡山県奈義町高円
岡山県,10000.0,認定設備,岡山県.xlsx,A731827F33,岡山県勝田郡奈義町中島東字林ノ谷西1323-1,35.099834,134.173767,岡山県奈義町中島東
岡山県,5250.0,認定設備,岡山県.xlsx,A731828F33,岡山県勝田郡奈義町柿字東ノ谷1008,35.109238,134.185471,岡山県奈義町柿
岡山県,45000.0,認定設備,岡山県.xlsx,A734790F33,岡山県赤磐市小原1426,34.836792,134.000275,岡山県赤磐市小原
岡山県,7000.0,認定設備,岡山県.xlsx,A734815F33,岡山県岡山市南区築港緑町2-4-4,34.602398,133.933472,岡山県岡山市南区築港緑町二丁目４番４号
岡山県,18414.9,認定設備,岡山県.xlsx,A741138F33,岡山県和気郡和気町父井原字黒知田1133-1,34.826172,134.094849,岡山県和気町父井原
岡山県,150000.0,認定設備,岡山県.xlsx,A741358F33,岡山県美作市白水字釜畑25-1,34.966282,134.26445,岡山県美作市白水
岡山県,29040.0,認定設備,岡山県.xlsx,A741540F33,岡山県美作市英田青野字馬喰坂786-1,34.945972,134.120819,岡山県美作市英田青野
岡山県,70000.0,認定設備,岡山県.xlsx,A769238633,岡山県和気郡和気町北山方字芝尾3225-1,34.886429,134.120651,岡山県和気町北山方
岡山県,20000.0,認定設備,岡山県.xlsx,A837835633,岡山県真庭市社字中倉128ー39,35.178532,133.755859,岡山県真庭市社
岡山県,68640.0,認定設備,岡山県.xlsx,A857150633,岡山県真庭市福谷字空945-6,35.082947,133.670319,岡山県真庭市福谷
広島県,6000.0,認定設備,広島県.xlsx,A626502F34,広島県呉市安浦町中央8-1865-88,34.279877,132.752121,広島県呉市安浦町中央八丁目
広島県,7000.0,認定設備,広島県.xlsx,A631401F34,広島県安芸高田市高宮町原田字曲川929-1,34.733868,132.699677,広島県安芸高田市高宮町原田
広島県,10000.0,認定設備,広島県.xlsx,A635638F34,広島県豊田郡大崎上島町大串字西崎3036-3,34.231045,132.857864,広島県大崎上島町大串
広島県,27200.0,認定設備,広島県.xlsx,A640713F34,広島県庄原市東城町久代字飛田野路6671‐1,34.868095,133.284317,広島県庄原市東城町久代
広島県,20100.0,認定設備,広島県.xlsx,A644736F34,広島県廿日市市玖島字三次山10290-3,34.403534,132.2379,広島県廿日市市玖島
広島県,9599.0,認定設備,広島県.xlsx,A666135F34,広島県三原市久井町山中野字今田山10327-1,34.48082,133.008408,広島県三原市久井町山中野
広島県,17641.2,認定設備,広島県.xlsx,A676469F34,広島県東広島市志和町内字巌谷2974-1他860筆,34.498882,132.706696,広島県東広島市志和町内
広島県,53976.0,認定設備,広島県.xlsx,A680894F34,広島県三次市秋町字福谷56-2,34.748199,132.794464,広島県三次市秋町
広島県,7160.0,認定設備,広島県.xlsx,A689536F34,広島県東広島市黒瀬町津江字イラスケ麓369-46,34.334251,132.629654,広島県東広島市黒瀬町津江
広島県,10500.0,認定設備,広島県.xlsx,A689753F34,広島県三次市君田町藤兼字棒地10019-1,34.864105,132.830765,広島県三次市君田町藤兼
広島県,10000.0,認定設備,広島県.xlsx,A689800F34,広島県廿日市市大野字嵐谷12058,34.302475,132.201309,広島県廿日市市大野
広島県,23800.0,認定設備,広島県.xlsx,A689941F34,広島県庄原市東城町久代字三原野路西5444-1,34.868095,133.284317,広島県庄原市東城町久代
広島県,13499.9,認定設備,広島県.xlsx,A690086634,広島県安芸高田市甲田町下甲立字磆10767,34.717396,132.760574,広島県安芸高田市甲田町下甲立
広島県,7190.0,認定設備,広島県.xlsx,A692267F34,広島県福山市箕沖町109-1,34.44017,133.425217,広島県福山市箕沖町
広島県,9494.0,認定設備,広島県.xlsx,A734783F34,広島県庄原市高野町新市字毛無5373-9,35.054745,132.93309,広島県庄原市高野町新市
広島県,31680.0,認定設備,広島県.xlsx,A741133F34,広島県山県郡北広島町吉木字本櫛11480-1 他222筆,34.617016,132.415634,広島県北広島町吉木
広島県,40000.0,認定設備,広島県.xlsx,A776791F34,広島県廿日市市宮内字野貝原661-1,34.352863,132.273666,広島県廿日市市宮内
広島県,15400.0,認定設備,広島県.xlsx,A999214F34,広島県広島市安佐北区安佐町大字鈴張字八丈岩11611-2,34.592159,132.468567,広島県広島市安佐北区安佐町鈴張
山口県,7000.0,認定設備,山口県.xlsx,A612288F35,山口県美祢市大嶺町奥分字南田代11493,34.196835,131.16124,山口県美祢市大嶺町奥分
山口県,9990.0,認定設備,山口県.xlsx,A613278F35,山口県山陽小野田市大字小野田字末広,33.957695,131.172302,山口県山陽小野田市小野田
山口県,11000.0,認定設備,山口県.xlsx,A621599F35,山口県柳井市阿月字袖解10543-8,33.878376,132.132141,山口県柳井市阿月
山口県,5000.0,認定設備,山口県.xlsx,A630657F35,山口県山陽小野田市大字高畑字神田48,34.03421,131.193726,山口県山陽小野田市高畑
山口県,16000.0,認定設備,山口県.xlsx,A630710F35,山口県宇部市大字藤曲字昭和開作2575-34,33.959984,131.221146,山口県宇部市藤曲
山口県,9990.0,認定設備,山口県.xlsx,A631213F35,山口県美祢市西厚保町原字深土1049,34.120434,131.119339,山口県美祢市西厚保町原
山口県,14000.0,認定設備,山口県.xlsx,A631563F35,山口県光市大字浅江字角穴929-10ほか,33.971764,131.92926,山口県光市浅江
山口県,8190.0,認定設備,山口県.xlsx,A632154F35,山口県山陽小野田市大字西沖字西沖15-2,33.944775,131.189865,山口県山陽小野田市西沖
山口県,12600.0,認定設備,山口県.xlsx,A633956F35,山口県宇部市大字西沖の山字西沖16-3,33.951355,131.20314,山口県宇部市西沖の山
山口県,19800.0,認定設備,山口県.xlsx,A637214F35,山口県山口市秋穂二島字長浜4567、4569-1、-2、4572、4575、4579、4582、4583、4586、4588、4589、4590、4593、4598、4599、4602、4603、4612他9筆,34.043606,131.423782,山口県山口市秋穂二島
山口県,7000.0,認定設備,山口県.xlsx,A671304F35,山口県美祢市大嶺町西分字館ケ浴2922,34.159336,131.164856,山口県美祢市大嶺町西分
山口県,50000.0,認定設備,山口県.xlsx,A676812F35,山口県美祢市於福町上字赤栗408,34.248848,131.186264,山口県美祢市於福町上
山口県,8000.0,認定設備,山口県.xlsx,A689546F35,山口県宇部市東万倉字神元20192‐1,34.056759,131.243347,山口県宇部市東万倉
山口県,6600.0,認定設備,山口県.xlsx,A689573F35,山口県防府市新田2053-1,34.027767,131.58226,山口県防府市新田２０５３番地
山口県,40000.0,認定設備,山口県.xlsx,A689660F35,山口県美祢市西厚保町本郷字上せり田909,34.101791,131.147842,山口県美祢市西厚保町本郷
山口県,29700.0,認定設備,山口県.xlsx,A689661F35,山口県柳井市伊陸字南ケ迫10005-4,34.026035,132.109619,山口県柳井市伊陸
山口県,9900.0,認定設備,山口県.xlsx,A689699F35,山口県下関市千鳥浜町1716-1,34.036877,131.01918,山口県下関市千鳥浜町１７１６番地
山口県,15700.0,認定設備,山口県.xlsx,A689923F35,山口県萩市大字黒川字下代76-1、-2、-3、-4、-5、-6、-8、-9、-11、-12、-13、-14、-15、77-1、-2、-3、-4、-5、-6、-7、298-2、303、322、324他318筆,34.44828,131.477112,山口県萩市黒川
山口県,50000.0,認定設備,山口県.xlsx,A689956F35,山口県柳井市阿月字高松625,33.878376,132.132141,山口県柳井市阿月
山口県,29976.0,認定設備,山口県.xlsx,A703850F35,山口県下松市大字下谷字安宗1563-1,34.089306,131.872162,山口県下松市下谷
山口県,7840.0,認定設備,山口県.xlsx,A721463F35,山口県下関市豊北町大字北宇賀字甲神3776,34.243118,130.951935,山口県下関市豊北町北宇賀
山口県,9520.0,認定設備,山口県.xlsx,A721464F35,山口県下関市豊北町大字滝部字釜ヶ岳5451,34.295853,130.946243,山口県下関市豊北町滝部
山口県,10000.0,認定設備,山口県.xlsx,A723856F35,山口県宇部市大字山中字奥浜井場20590-1,34.058125,131.315887,山口県宇部市山中
山口県,10000.0,認定設備,山口県.xlsx,A730115F35,山口県山陽小野田市大字高畑字萩原10287-1,34.03421,131.193726,山口県山陽小野田市高畑
山口県,75000.0,認定設備,山口県.xlsx,A730147F35,山口県岩国市美和町秋掛字鍜冶屋136,34.321896,132.084244,山口県岩国市美和町秋掛
山口県,12000.0,認定設備,山口県.xlsx,A732663F35,山口県宇部市大字西沖の山字西沖16-5,33.951355,131.20314,山口県宇部市西沖の山
山口県,30000.0,認定設備,山口県.xlsx,A733816F35,山口県山陽小野田市大字厚狭字四方10211,34.053097,131.164917,山口県山陽小野田市厚狭
山口県,14700.0,認定設備,山口県.xlsx,A740232635,山口県岩国市由宇町字向山1309,34.035919,132.176926,山口県岩国市由宇町
山口県,25000.0,認定設備,山口県.xlsx,A741750F35,山口県山口市下小鯖字黒松11602-2,34.128128,131.546036,山口県山口市下小鯖
山口県,9990.0,認定設備,山口県.xlsx,A880326635,山口県宇部市大字船木字番匠92,34.052166,131.207214,山口県宇部市船木
山口県,76800.0,認定設備,山口県.xlsx,A881017635,山口県周南市大字長穂字南石仏11415-1,34.137913,131.840317,山口県周南市長穂
山口県,28800.0,認定設備,山口県.xlsx,A884025635,山口県周南市大字長穂字櫨2393-3,34.137913,131.840317,山口県周南市長穂
山口県,9500.0,認定設備,山口県.xlsx,A920826635,山口県下松市東海岸通り1‐45,33.98053,131.8909,山口県下松市東海岸通り１番地
山口県,5000.0,認定設備,山口県.xlsx,A999402F35,山口県防府市大字浜方字中浜238-1,34.016449,131.557281,山口県防府市浜方
徳島県,25250.0,認定設備,徳島県.xlsx,A567872G36,徳島県小松島市豊浦町1-2,33.989349,134.614822,徳島県小松島市豊浦町１番地
香川県,9000.0,認定設備,香川県.xlsx,A567869G37,香川県坂出市番の州町12-11,34.345753,133.846573,香川県坂出市番の州町
香川県,10000.0,認定設備,香川県.xlsx,A567886G37,香川県高松市香南町由佐字赤坂2431-1,34.230209,134.008972,香川県高松市香南町由佐
香川県,9240.0,認定設備,香川県.xlsx,A584912G37,香川県三豊市詫間町字松下657,34.225193,133.695862,香川県三豊市詫間町松崎
香川県,9999.0,認定設備,香川県.xlsx,A590287G37,香川県観音寺市豊浜町姫浜字新屋敷325-12,34.082916,133.640228,香川県観音寺市豊浜町姫浜
香川県,8000.0,認定設備,香川県.xlsx,A602766G37,香川県仲多度郡まんのう町七箇字三田4117-185,34.137512,133.854675,香川県まんのう町七箇
香川県,13860.0,認定設備,香川県.xlsx,A620263G37,香川県仲多度郡まんのう町羽間字安造田2967-1,34.207977,133.844193,香川県まんのう町羽間
香川県,20000.0,認定設備,香川県.xlsx,A641160G37,香川県仲多度郡まんのう町七箇字三田3870-1,34.137512,133.854675,香川県まんのう町七箇
香川県,6000.0,認定設備,香川県.xlsx,A729352737,香川県木田郡三木町大字井戸字山田5021,34.260117,134.159637,香川県三木町井戸
愛媛県,23000.0,認定設備,愛媛県.xlsx,A561886G38,愛媛県西条市北条962-69,33.937283,133.111435,愛媛県西条市北条９６２番地
愛媛県,14000.0,認定設備,愛媛県.xlsx,A564416G38,愛媛県西条市ひうち東ひうち18-1,33.94149,133.195541,愛媛県西条市ひうち
愛媛県,27000.0,認定設備,愛媛県.xlsx,A564417G38,愛媛県西条市氷見字塩竃戊24,33.90332,133.122787,愛媛県西条市氷見乙
愛媛県,8022.1,認定設備,愛媛県.xlsx,A570136G38,愛媛県今治市桜井字一ノ谷乙21-1,34.0243,133.040894,愛媛県今治市桜井一丁目
愛媛県,48125.0,認定設備,愛媛県.xlsx,A571841G38,愛媛県新居浜市阿島乙142-3,33.958126,133.357498,愛媛県新居浜市阿島
愛媛県,7500.0,認定設備,愛媛県.xlsx,A579565G38,愛媛県松山市北条320-1,33.978985,132.779617,愛媛県松山市北条
愛媛県,11340.0,認定設備,愛媛県.xlsx,A593475G38,愛媛県松山市小野町乙16-1,33.850319,132.856491,愛媛県松山市小野町
愛媛県,8000.0,認定設備,愛媛県.xlsx,A595746G38,愛媛県松山市北吉田町77-92,33.837791,132.694885,愛媛県松山市北吉田町７７番地
高知県,9500.0,認定設備,高知県.xlsx,A583771G39,高知県高岡郡佐川町加茂字板家ノ上1811,33.515568,133.322098,高知県佐川町加茂
高知県,25740.0,認定設備,高知県.xlsx,A595695G39,高知県香美市土佐山田町北滝本字カバジリキ111,33.665138,133.655746,高知県香美市土佐山田町北滝本
高知県,22500.0,認定設備,高知県.xlsx,A602571G39,高知県室戸市羽根町字加僧山乙3866-1,33.410152,134.104202,高知県室戸市羽根町
高知県,30000.0,認定設備,高知県.xlsx,A602665G39,高知県四万十市荒川字カフス川山2002-17,32.98711,132.861847,高知県四万十市荒川
高知県,7300.0,認定設備,高知県.xlsx,A602788G39,高知県香美市土佐山田町西又字上ハクボ420-1,33.68726,133.735504,高知県香美市土佐山田町西又
福岡県,20000.0,認定設備,福岡県.xlsx,A709183H40,福岡県みやま市高田町昭和開1-1他計8筆,33.088959,130.41835,福岡県みやま市高田町昭和開１番地
福岡県,13000.0,認定設備,福岡県.xlsx,A728545H40,福岡県北九州市若松区大字安瀬1-59、2-1、54-1、55-1、55-2、64-192、64-193他,33.920998,130.805313,福岡県北九州市若松区安瀬１番地
福岡県,16000.0,認定設備,福岡県.xlsx,A744313H40,福岡県宮若市磯光字堂ノ浦1181-1,33.707741,130.678818,福岡県宮若市磯光
福岡県,5000.0,認定設備,福岡県.xlsx,A744368H40,福岡県福津市上西郷字タケヲ2382-4,33.750729,130.503448,福岡県福津市上西郷
福岡県,5000.0,認定設備,福岡県.xlsx,A744509H40,福岡県嘉麻市牛隈字残田2443-5他48筆,33.565182,130.73674,福岡県嘉麻市牛隈
福岡県,13750.0,認定設備,福岡県.xlsx,A744510H40,福岡県嘉麻市鴨生トゝ木1-1他165筆,33.607769,130.730438,福岡県嘉麻市鴨生
福岡県,15000.0,認定設備,福岡県.xlsx,A744580H40,福岡県大牟田市健老町431-1他9筆,33.047745,130.433044,福岡県大牟田市健老町
福岡県,15750.0,認定設備,福岡県.xlsx,A744607H40,福岡県大牟田市四山町81-7,33.003883,130.401382,福岡県大牟田市四山町８１番地
福岡県,13500.0,認定設備,福岡県.xlsx,A751742H40,福岡県北九州市若松区向洋町18-1,33.926189,130.785294,福岡県北九州市若松区向洋町
福岡県,5000.0,認定設備,福岡県.xlsx,A751794H40,福岡県大牟田市大字唐船2082-33,33.061501,130.439362,福岡県大牟田市唐船２０８２番地
福岡県,10000.0,認定設備,福岡県.xlsx,A751861H40,福岡県大牟田市新開町3-1,33.039364,130.424759,福岡県大牟田市新開町３番地
福岡県,12000.0,認定設備,福岡県.xlsx,A764407H40,福岡県みやま市高田町昭和開1-4,33.088959,130.41835,福岡県みやま市高田町昭和開１番地
福岡県,6000.0,認定設備,福岡県.xlsx,A764449H40,福岡県田川市大字猪国618の一部他,33.586403,130.779831,福岡県田川市猪国
福岡県,16978.0,認定設備,福岡県.xlsx,A764502H40,福岡県田川郡川崎町大字安眞木字新城谷4289,33.546307,130.816956,福岡県川崎町安眞木
福岡県,11000.0,認定設備,福岡県.xlsx,A764538840,福岡県大牟田市臼井新町2-74-1,33.010323,130.46138,福岡県大牟田市臼井新町二丁目
福岡県,9000.0,認定設備,福岡県.xlsx,A777082H40,福岡県田川郡川崎町大字川崎字弓折谷1-1,33.590931,130.816849,福岡県川崎町川崎
福岡県,6000.0,認定設備,福岡県.xlsx,A796300H40,福岡県筑紫郡那珂川町埋金坂谷258‐97,33.487385,130.526001,福岡県筑紫野市
福岡県,21000.0,認定設備,福岡県.xlsx,A844863H40,福岡県北九州市若松区向洋町49,33.926189,130.785294,福岡県北九州市若松区向洋町
福岡県,18000.0,認定設備,福岡県.xlsx,A864284H40,福岡県京都郡みやこ町犀川大村字大迫510,33.654186,130.922989,福岡県みやこ町犀川大村
福岡県,13500.0,認定設備,福岡県.xlsx,A864339H40,福岡県飯塚市上三緒字大谷346‐1,33.624577,130.71196,福岡県飯塚市上三緒
福岡県,19476.0,認定設備,福岡県.xlsx,A891905H40,福岡県飯塚市幸袋字白畑780-1,33.660477,130.680923,福岡県飯塚市幸袋
福岡県,33000.0,認定設備,福岡県.xlsx,A937219H40,福岡県宗像市野坂字西高鳥454-1,33.772846,130.565414,福岡県宗像市野坂
福岡県,34000.0,認定設備,福岡県.xlsx,A937462H40,福岡県京都郡みやこ町犀川大村字マンサ269-1,33.654186,130.922989,福岡県みやこ町犀川大村
福岡県,7920.0,認定設備,福岡県.xlsx,A960382H40,福岡県直方市中泉1301-1,33.71286,130.737793,福岡県直方市中泉
福岡県,17000.0,認定設備,福岡県.xlsx,A960433H40,福岡県嘉麻市西郷字三ノ添1328-2,33.557034,130.719986,福岡県嘉麻市西郷
福岡県,9990.0,認定設備,福岡県.xlsx,AA32406H40,福岡県築上郡上毛町大字東上1918他88筆、字東下1661-2、1669-5、1669-6,33.52211,131.138458,福岡県上毛町東上
福岡県,18400.0,認定設備,福岡県.xlsx,AA32523H40,福岡県飯塚市勢田字権現堂2593-108,33.692898,130.734436,福岡県飯塚市勢田
福岡県,10000.0,認定設備,福岡県.xlsx,AA39779H40,福岡県飯塚市馬敷字妙見古野1322-10,33.56498,130.60881,福岡県飯塚市馬敷
福岡県,8000.0,認定設備,福岡県.xlsx,AA73450H40,福岡県北九州市若松区響町2-8-3,33.939911,130.791656,福岡県北九州市若松区響町二丁目
福岡県,29999.0,認定設備,福岡県.xlsx,AC17264840,福岡県北九州市若松区柳崎町6,33.929474,130.746078,福岡県北九州市若松区柳崎町
佐賀県,11110.0,認定設備,佐賀県.xlsx,A742046H41,佐賀県神埼市神埼町志波屋字六ノ坪813-1,33.354015,130.376312,佐賀県神埼市神埼町志波屋
佐賀県,10089.9,認定設備,佐賀県.xlsx,A877740H41,佐賀県武雄市西川登町大字小田志字白木原赤木19875,33.124611,129.980453,佐賀県武雄市西川登町小田志
佐賀県,16500.0,認定設備,佐賀県.xlsx,A937350H41,佐賀県唐津市相知町相知字押川770-1,33.340359,130.011703,佐賀県唐津市相知町相知
佐賀県,8250.0,認定設備,佐賀県.xlsx,A960344H41,佐賀県武雄市山内町大字犬走字上戸2285-7,33.178806,129.972412,佐賀県武雄市山内町犬走
長崎県,10500.0,認定設備,長崎県.xlsx,A680005H42,長崎県大村市寿古町555-4,32.969547,129.934647,長崎県大村市寿古町５５５番地
長崎県,10000.0,認定設備,長崎県.xlsx,A744329H42,長崎県長崎市田手原町1-第1,32.74073,129.911087,長崎県長崎市田手原町
長崎県,10000.0,認定設備,長崎県.xlsx,A744414H42,長崎県佐世保市光町30-4,33.204296,129.647202,長崎県佐世保市光町３０番地
長崎県,400000.0,認定設備,長崎県.xlsx,A776443H42,長崎県佐世保市宇久町本飯良2672,33.268734,129.082916,長崎県佐世保市宇久町本飯良
長崎県,5000.0,認定設備,長崎県.xlsx,A777096H42,長崎県五島市吉久木町574-1,32.691437,128.823425,長崎県五島市吉久木町５７４番地
長崎県,24050.0,認定設備,長崎県.xlsx,A877810H42,長崎県大村市箕島町593他,32.91518,129.914444,長崎県大村市箕島町５９３番地
長崎県,12000.0,認定設備,長崎県.xlsx,A877856H42,長崎県西彼杵郡時津町左底郷字姥ヶ迫1475,32.825844,129.828979,長崎県時津町左底郷
長崎県,12400.0,認定設備,長崎県.xlsx,A937560H42,長崎県長崎市琴海村松町字中道1878,32.875931,129.776855,長崎県長崎市琴海村松町
長崎県,9625.0,認定設備,長崎県.xlsx,A960498H42,長崎県南島原市有家町尾上字谷頭4183-3,32.702957,130.304169,長崎県南島原市有家町尾上
熊本県,16500.0,認定設備,熊本県.xlsx,A731044H43,熊本県葦北郡芦北町高岡656-3也,32.220749,130.501266,熊本県芦北町高岡
熊本県,9000.0,認定設備,熊本県.xlsx,A740007H43,熊本県球磨郡錦町大字木上北字台迫341,32.235023,130.826965,熊本県錦町木上北
熊本県,10000.0,認定設備,熊本県.xlsx,A743618843,熊本県阿蘇郡小国町大字上田字合志5521-10,33.116322,131.122833,熊本県小国町上田
熊本県,30000.0,認定設備,熊本県.xlsx,A744521H43,熊本県菊池郡大津町大字古城字四番東原968-23,32.910995,130.948181,熊本県大津町古城
熊本県,16000.0,認定設備,熊本県.xlsx,A744608H43,熊本県荒尾市大島字新四ツ山1722-4,32.996132,130.421921,熊本県荒尾市大島
熊本県,14578.1,認定設備,熊本県.xlsx,A751825H43,熊本県阿蘇郡小国町大字黒淵字犬防田476-1,33.126621,131.020325,熊本県小国町黒渕
熊本県,6000.0,認定設備,熊本県.xlsx,A751895H43,熊本県水俣市塩浜町278-10,32.219727,130.390961,熊本県水俣市塩浜町２７８番地
熊本県,6000.0,認定設備,熊本県.xlsx,A751912H43,熊本県葦北郡芦北町字女島770-4,32.281528,130.48175,熊本県芦北町女島
熊本県,23000.0,認定設備,熊本県.xlsx,A764380843,熊本県菊池郡大津町大字真木字東野1474-2,32.931858,130.938919,熊本県大津町真木
熊本県,7098.0,認定設備,熊本県.xlsx,A764417H43,熊本県菊池市旭志弁利3628,32.966179,130.892578,熊本県菊池市旭志弁利
熊本県,9000.0,認定設備,熊本県.xlsx,A764544H43,熊本県宇城市松橋町内田字打越1374他65筆,32.63007,130.720718,熊本県宇城市松橋町内田
熊本県,15000.0,認定設備,熊本県.xlsx,A764667H43,熊本県水俣市長崎字馬尼田166-1,32.162468,130.418625,熊本県水俣市長崎
熊本県,49976.0,認定設備,熊本県.xlsx,A776423H43,熊本県水俣市湯出白岩1929-9,32.147873,130.446335,熊本県水俣市湯出
熊本県,15200.0,認定設備,熊本県.xlsx,A776433843,熊本県人吉市矢岳町字上屋敷3196-39,32.114311,130.800674,熊本県人吉市矢岳町
熊本県,34000.0,認定設備,熊本県.xlsx,A813503H43,熊本県上益城郡益城町大字上陳字高野965-1,32.802856,130.862152,熊本県益城町上陳
熊本県,29700.0,認定設備,熊本県.xlsx,A844722H43,熊本県人吉市古仏頂町字丈瀧1042,32.167446,130.761627,熊本県人吉市古仏頂町
熊本県,29988.0,認定設備,熊本県.xlsx,A844762H43,熊本県玉名郡和水町岩字尾谷1835-1,33.037891,130.643204,熊本県和水町岩
熊本県,9999.0,認定設備,熊本県.xlsx,A844763H43,熊本県玉名郡和水町岩字長浦1694,33.037891,130.643204,熊本県和水町岩
熊本県,29536.6,認定設備,熊本県.xlsx,A844962H43,熊本県上益城郡山都町長谷字一本木2126-4,32.76696,131.16777,熊本県山都町長谷
熊本県,29536.6,認定設備,熊本県.xlsx,A864394H43,熊本県上益城郡山都町長谷字一本木2125-7,32.76696,131.16777,熊本県山都町長谷
熊本県,17000.0,認定設備,熊本県.xlsx,A877702H43,熊本県菊池市原字郷屋3300-1,33.012997,130.924255,熊本県菊池市原
熊本県,39600.0,認定設備,熊本県.xlsx,A877874H43,熊本県阿蘇郡高森町大字中字尾伊良2794,32.837002,131.210052,熊本県高森町中
熊本県,13000.0,認定設備,熊本県.xlsx,A878005H43,熊本県菊池郡大津町大字矢護川字四ノ尾2903-6,32.92186,130.887939,熊本県大津町矢護川
熊本県,13000.0,認定設備,熊本県.xlsx,A878016H43,熊本県人吉市東大塚町字茶ノ平3168-8,32.126438,130.721359,熊本県人吉市東大塚町
熊本県,44976.0,認定設備,熊本県.xlsx,A891904H43,熊本県菊池郡大津町大字古城字西迎鶴874,32.910995,130.948181,熊本県大津町古城
熊本県,34000.0,認定設備,熊本県.xlsx,A903363H43,熊本県玉名郡南関町大字関東字影平1087,33.069672,130.563736,熊本県南関町関東
熊本県,9990.0,認定設備,熊本県.xlsx,A933939H43,熊本県菊池市泗水町永字黒石2251-1,32.920933,130.803467,熊本県菊池市泗水町永
熊本県,29400.0,認定設備,熊本県.xlsx,A937764843,熊本県菊池郡大津町大字古城字四番東原968-21,32.910995,130.948181,熊本県大津町古城
熊本県,20000.0,認定設備,熊本県.xlsx,A937847H43,熊本県水俣市長野字長野山114-1,32.183399,130.416626,熊本県水俣市長野
熊本県,19200.0,認定設備,熊本県.xlsx,A960383H43,熊本県菊池郡大津町真木字東野1474-5,32.931858,130.938919,熊本県大津町真木
熊本県,21500.0,認定設備,熊本県.xlsx,A962748H43,熊本県熊本市北区植木町岩野字宮迫1867,32.913555,130.699295,熊本県熊本市北区植木町岩野
大分県,19000.0,認定設備,大分県.xlsx,A702108H44,大分県大分市大字青崎10-1,33.258457,131.704056,大分県大分市青崎
大分県,16750.0,認定設備,大分県.xlsx,A713805H44,大分県大分市日吉原3,33.242138,131.761566,大分県大分市日吉原３番地
大分県,61000.0,認定設備,大分県.xlsx,A733544H44,大分県大分市大字青崎2,33.257084,131.709671,大分県大分市青崎二丁目
大分県,10000.0,認定設備,大分県.xlsx,A743363H44,大分県玖珠郡九重町湯坪字茶屋場1340-1,33.128288,131.189346,大分県九重町湯坪
大分県,20000.0,認定設備,大分県.xlsx,A743554H44,大分県杵築市山香町大字広瀬字大平1234-2,33.41782,131.5271,大分県杵築市山香町広瀬
大分県,10000.0,認定設備,大分県.xlsx,A744330H44,大分県速見郡日出町藤原字百合野4881-103,33.381088,131.541473,大分県日出町大字藤原
大分県,17640.0,認定設備,大分県.xlsx,A744369H44,大分県由布市湯布院町川西字ユム田1202-12,33.235416,131.302628,大分県由布市湯布院町川西
大分県,30006.0,認定設備,大分県.xlsx,A744637H44,大分県大分市大字今市字石合原1070-1,33.111195,131.450424,大分県大分市今市
大分県,6500.0,認定設備,大分県.xlsx,A751797H44,大分県由布市湯布院町塚原字鶴見嶽1239-196,33.304352,131.386566,大分県由布市湯布院町塚原
大分県,16000.0,認定設備,大分県.xlsx,A751905H44,大分県玖珠郡九重町大字野上字小林919-6他,33.235146,131.248398,大分県九重町野上
大分県,17500.0,認定設備,大分県.xlsx,A752075H44,大分県玖珠郡玖珠町大字日出生字向野平5,33.30788,131.287003,大分県玖珠町日出生
大分県,8830.4,認定設備,大分県.xlsx,A752153H44,大分県国東市武蔵町池ノ内字ソヲカ1053-2,33.519733,131.713379,大分県国東市武蔵町池ノ内
大分県,16500.0,認定設備,大分県.xlsx,A764383H44,大分県速見郡日出町大字藤原字城山3713-1,33.381088,131.541473,大分県日出町大字藤原
大分県,32250.0,認定設備,大分県.xlsx,A764422H44,大分県別府市大字内成字ヒカサコ353,33.237492,131.484451,大分県別府市内成
大分県,40260.0,認定設備,大分県.xlsx,A764655H44,大分県宇佐市大字上矢部字助戸178,33.502392,131.369843,大分県宇佐市上矢部
大分県,44000.0,認定設備,大分県.xlsx,A764662H44,大分県速見郡日出町大字南畑字大村台915-49,33.368492,131.459229,大分県日出町南畑
大分県,8190.0,認定設備,大分県.xlsx,A776454H44,大分県玖珠郡玖珠町大字岩室字大戸2826-2,33.297756,131.200943,大分県玖珠町岩室
大分県,9450.0,認定設備,大分県.xlsx,A776456H44,大分県由布市湯布院町大字中川字東高尾1397-3,33.228821,131.357407,大分県由布市湯布院町中川
大分県,8000.0,認定設備,大分県.xlsx,A776976H44,大分県宇佐市大字橋津字丸迫1448-49,33.531654,131.395645,大分県宇佐市橋津
大分県,20000.0,認定設備,大分県.xlsx,A777043H44,大分県別府市大字東山字東野527-1,33.255997,131.441452,大分県別府市大字東山
大分県,50000.0,認定設備,大分県.xlsx,A796326H44,大分県臼杵市野津町大字原字瀬戸川内57,33.044785,131.683136,大分県臼杵市野津町原
大分県,8580.0,認定設備,大分県.xlsx,A799559H44,大分県大分市大字細字三角484外96筆,33.23481,131.779755,大分県大分市細
大分県,34000.0,認定設備,大分県.xlsx,A859492H44,大分県大分市大字日吉原3-19,33.242138,131.761566,大分県大分市日吉原３番地
大分県,10000.0,認定設備,大分県.xlsx,A877890H44,大分県日田市天瀬町女子畑字江良1-1,33.283882,130.977707,大分県日田市天瀬町女子畑
大分県,10000.0,認定設備,大分県.xlsx,A892102H44,大分県杵築市山香町大字野原字井辻2761-1,33.421692,131.495682,大分県杵築市山香町野原
大分県,10000.0,認定設備,大分県.xlsx,A892103H44,大分県杵築市山香町大字広瀬字殿山3604-35,33.41782,131.5271,大分県杵築市山香町広瀬
大分県,13000.0,認定設備,大分県.xlsx,A937494H44,大分県速見郡日出町大字南畑字粕川3621,33.368492,131.459229,大分県日出町南畑
大分県,10000.0,認定設備,大分県.xlsx,A937677H44,大分県速見郡日出町大字藤原字井手口6698-1,33.381088,131.541473,大分県日出町大字藤原
大分県,15000.0,認定設備,大分県.xlsx,A937693H44,大分県速見郡日出町大字南畑字山ノ神4091-4,33.368492,131.459229,大分県日出町南畑
大分県,18900.0,認定設備,大分県.xlsx,A937919H44,大分県日田市大字友田字柳井2893-46、鉢久保2903-2、高尾2952-2、-3、遠豆谷2994-3、大竹3291-1、3295、3296、3316、3320-1、上見取3333-1、3356-1他1筆,33.324516,130.911102,大分県日田市大字友田
大分県,8000.0,認定設備,大分県.xlsx,AA32502H44,大分県杵築市大内字長谷1041-3,33.441727,131.632019,大分県杵築市大内
大分県,20000.0,認定設備,大分県.xlsx,AA50106H44,大分県大分市大字志生木字渡戸1093,33.230618,131.846191,大分県大分市志生木
大分県,9450.0,認定設備,大分県.xlsx,AA90609H44,大分県由布市挾間町七蔵司字カヤワラ1127-1,33.237499,131.516846,大分県由布市挾間町七蔵司
大分県,19800.0,認定設備,大分県.xlsx,AA90684H44,大分県大分市大字杉原字シツナシ1100-1,33.123783,131.68309,大分県大分市杉原
大分県,19990.0,認定設備,大分県.xlsx,AC61204844,大分県豊後大野市千歳町柴山字清首1701,33.038956,131.615311,大分県豊後大野市千歳町柴山
宮崎県,63000.0,認定設備,宮崎県.xlsx,A742058H45,宮崎県宮崎市細江字勘露事2799-3 他258筆,31.895298,131.342285,宮崎県宮崎市細江
宮崎県,10250.0,認定設備,宮崎県.xlsx,A764455H45,宮崎県えびの市大字末永字白鳥1499-6,31.983444,130.84671,宮崎県えびの市末永
宮崎県,33660.0,認定設備,宮崎県.xlsx,A764509H45,宮崎県都城市高城町大字有水字高八重2192-1,31.882172,131.149017,宮崎県都城市高城町有水
宮崎県,7000.0,認定設備,宮崎県.xlsx,A764605H45,宮崎県児湯郡都農町大字川北字竜ケ平8024-80,32.277332,131.504211,宮崎県都農町川北
宮崎県,18000.0,認定設備,宮崎県.xlsx,A859415H45,宮崎県日向市日知屋字長谷13855‐2,32.427269,131.63678,宮崎県日向市大字日知屋
宮崎県,10000.0,認定設備,宮崎県.xlsx,A864384H45,宮崎県児湯郡都農町川北字瓜生尾立24145-1,32.277332,131.504211,宮崎県都農町川北
宮崎県,17282.5,認定設備,宮崎県.xlsx,A877801H45,宮崎県東諸県郡国富町大字嵐田字山ノ田261,31.973648,131.316254,宮崎県国富町嵐田
宮崎県,16000.0,認定設備,宮崎県.xlsx,A891981H45,宮崎県えびの市大字西川北字内小野1441-1,32.080971,130.778183,宮崎県えびの市西川北
宮崎県,10000.0,認定設備,宮崎県.xlsx,A916424H45,宮崎県えびの市大字浦字北別府577‐2,32.023178,130.785904,宮崎県えびの市浦
宮崎県,30000.0,認定設備,宮崎県.xlsx,A916465H45,宮崎県えびの市大字浦字水呑365-119,32.023178,130.785904,宮崎県えびの市浦
宮崎県,14500.0,認定設備,宮崎県.xlsx,A929474845,宮崎県宮崎市高岡町内山字石原畑2103-4,31.892359,131.216431,宮崎県宮崎市高岡町内山
宮崎県,24959.2,認定設備,宮崎県.xlsx,A937421845,宮崎県日向市大字塩見字上切畑3435,32.418747,131.59285,宮崎県日向市塩見
宮崎県,14000.0,認定設備,宮崎県.xlsx,A937536H45,宮崎県串間市大字奴久見字夫婦石499-4,31.492378,131.185806,宮崎県串間市奴久見
宮崎県,29700.0,認定設備,宮崎県.xlsx,A937543H45,宮崎県東諸県郡国富町三名万歳谷3170他73筆,32.011185,131.363022,宮崎県国富町三名
宮崎県,19000.0,認定設備,宮崎県.xlsx,A937645H45,宮崎県宮崎市高岡町花見字紙屋造3421-1,31.951036,131.336304,宮崎県宮崎市高岡町花見
宮崎県,25000.0,認定設備,宮崎県.xlsx,A937787H45,宮崎県宮崎市田野町字松井坊乙12394-2,31.83157,131.295151,宮崎県宮崎市田野町あけぼの
宮崎県,18000.0,認定設備,宮崎県.xlsx,A937863H45,宮崎県串間市大字西方字堂ノ宇戸12938,31.480658,131.211166,宮崎県串間市西方
宮崎県,21000.0,認定設備,宮崎県.xlsx,A937895H45,宮崎県宮崎市高岡町五町字境原2712-1,31.917131,131.266876,宮崎県宮崎市高岡町五町
宮崎県,42000.0,認定設備,宮崎県.xlsx,A937931H45,宮崎県東臼杵郡門川町大字庵川角石664,32.48436,131.695358,宮崎県門川町庵川
宮崎県,25000.0,認定設備,宮崎県.xlsx,A938133H45,宮崎県日向市東郷町山陰字コヲサキ己805-イ,32.377979,131.552551,宮崎県日向市東郷町山陰乙
宮崎県,19360.0,認定設備,宮崎県.xlsx,A960449845,宮崎県日向市大字富高字池田原2366-1,32.445473,131.59198,宮崎県日向市富高
宮崎県,10000.0,認定設備,宮崎県.xlsx,AA32297H45,宮崎県延岡市上伊形町2868-5,32.527252,131.63472,宮崎県延岡市上伊形町
宮崎県,21000.0,認定設備,宮崎県.xlsx,AA82911H45,宮崎県宮崎市高岡町五町字境原2672-1,31.917131,131.266876,宮崎県宮崎市高岡町五町
鹿児島県,70000.0,認定設備,鹿児島県.xlsx,A678804H46,鹿児島県鹿児島市七ツ島2,31.468164,130.524551,鹿児島県鹿児島市七ツ島二丁目
鹿児島県,18000.0,認定設備,鹿児島県.xlsx,A728496H46,鹿児島県曽於市末吉町深川字七ツ石8404―1,31.689669,130.990295,鹿児島県曽於市末吉町深川
鹿児島県,15000.0,認定設備,鹿児島県.xlsx,A730736H46,鹿児島県霧島市国分上之段字小松原2584‐1,31.692717,130.833939,鹿児島県霧島市国分上之段
鹿児島県,24000.0,認定設備,鹿児島県.xlsx,A730776H46,鹿児島県南さつま市金峰町池辺字浜潟1-20,31.469437,130.327377,鹿児島県南さつま市金峰町池辺
鹿児島県,20160.0,認定設備,鹿児島県.xlsx,A731128H46,鹿児島県姶良郡湧水町川西字七ツ谷2997-2,32.008533,130.726059,鹿児島県湧水町川西
鹿児島県,8100.0,認定設備,鹿児島県.xlsx,A744335H46,鹿児島県垂水市中俣字大野原4066‐181,31.5198,130.716064,鹿児島県垂水市中俣
鹿児島県,13300.0,認定設備,鹿児島県.xlsx,A751745H46,鹿児島県霧島市隼人町小浜字上厂谷4163,31.739895,130.690826,鹿児島県霧島市隼人町小浜
鹿児島県,7000.0,認定設備,鹿児島県.xlsx,A751859H46,鹿児島県鹿屋市串良町下小原字中益田1312-1他14筆,31.383663,130.940582,鹿児島県鹿屋市串良町下小原
鹿児島県,7000.0,認定設備,鹿児島県.xlsx,A751964H46,鹿児島県鹿児島市宮之浦町4094-28,31.682465,130.567932,鹿児島県鹿児島市宮之浦町
鹿児島県,23000.0,認定設備,鹿児島県.xlsx,A752015H46,鹿児島県姶良郡湧水町木場字上床6269,31.934769,130.760681,鹿児島県湧水町木場
鹿児島県,17000.0,認定設備,鹿児島県.xlsx,A752077H46,鹿児島県霧島市福山町福山字苙ノ頭7237他227筆,31.656927,130.844055,鹿児島県霧島市福山町福山
鹿児島県,34000.0,認定設備,鹿児島県.xlsx,A764615H46,鹿児島県霧島市霧島永水字トンダン3584‐1,31.797018,130.838562,鹿児島県霧島市霧島永水
鹿児島県,25000.0,認定設備,鹿児島県.xlsx,A764666H46,鹿児島県日置市東市来町養母15449-4,31.691202,130.397079,鹿児島県日置市東市来町養母
鹿児島県,75640.0,認定設備,鹿児島県.xlsx,A764671H46,鹿児島県曽於郡大崎町野方志曽木253,31.507977,130.95253,鹿児島県大崎町野方
鹿児島県,17250.0,認定設備,鹿児島県.xlsx,A776445H46,鹿児島県霧島市牧園町高千穂字小谷3254-34,31.897209,130.830872,鹿児島県霧島市牧園町高千穂
鹿児島県,20300.0,認定設備,鹿児島県.xlsx,A844855H46,鹿児島県霧島市隼人町内字戸口1904-1,31.757959,130.745117,鹿児島県霧島市隼人町内
鹿児島県,10820.5,認定設備,鹿児島県.xlsx,A864457H46,鹿児島県霧島市牧園町宿窪田字戸崎3681-25,31.843349,130.751465,鹿児島県霧島市牧園町宿窪田
鹿児島県,7000.0,認定設備,鹿児島県.xlsx,A875169H46,鹿児島県曽於郡大崎町野方字並木段3970-1,31.507977,130.95253,鹿児島県大崎町野方
鹿児島県,7000.0,認定設備,鹿児島県.xlsx,A875172H46,鹿児島県志布志市有明町野神字前迫4724-2,31.494305,130.987152,鹿児島県志布志市有明町野神
鹿児島県,20000.0,認定設備,鹿児島県.xlsx,A877605H46,鹿児島県南九州市頴娃町牧之内字狸ヶ峯13642-1,31.276255,130.514404,鹿児島県南九州市頴娃町牧之内
鹿児島県,10710.0,認定設備,鹿児島県.xlsx,A877722H46,"鹿児島県鹿屋市下高隈町968-37,968-38,968-40,968-56,993-5,994,998-3,998-ハ、1021乙,1023,1024-2,1024-1,1024-3,1024-4 他45筆",31.474821,130.863434,鹿児島県鹿屋市下高隈町
鹿児島県,6750.0,認定設備,鹿児島県.xlsx,A877851H46,鹿児島県鹿屋市大浦町15784-6,31.408583,130.83168,鹿児島県鹿屋市大浦町
鹿児島県,19998.0,認定設備,鹿児島県.xlsx,A892043H46,鹿児島県霧島市牧園町万膳字稲ノ段1504-1,31.909124,130.764847,鹿児島県霧島市牧園町万膳
鹿児島県,7920.0,認定設備,鹿児島県.xlsx,A923747H46,鹿児島県志布志市有明町蓬原字山後2248-140,31.485779,131.018723,鹿児島県志布志市有明町蓬原
鹿児島県,16026.9,認定設備,鹿児島県.xlsx,A937210H46,鹿児島県霧島市隼人町嘉例川字砂迫1614,31.817535,130.732742,鹿児島県霧島市隼人町嘉例川
鹿児島県,14000.0,認定設備,鹿児島県.xlsx,A937269H46,鹿児島県指宿市山川大山字内和田2186-1 他85筆,31.203581,130.586243,鹿児島県指宿市山川大山
鹿児島県,20000.0,認定設備,鹿児島県.xlsx,A937349H46,鹿児島県霧島市福山町福地字境松2239-93,31.656927,130.844055,鹿児島県霧島市福山町福山
鹿児島県,20000.0,認定設備,鹿児島県.xlsx,A937691H46,鹿児島県南九州市頴娃町上別府字下石原6097-4,31.30756,130.465012,鹿児島県南九州市頴娃町上別府
鹿児島県,26400.0,認定設備,鹿児島県.xlsx,A937914H46,鹿児島県垂水市高城字横道1500,31.470968,130.736847,鹿児島県垂水市高城
鹿児島県,18200.0,認定設備,鹿児島県.xlsx,A937996H46,鹿児島県姶良市大山字大岩132-3,31.765215,130.626526,鹿児島県姶良市大山
鹿児島県,6000.0,認定設備,鹿児島県.xlsx,A938109H46,鹿児島県薩摩郡さつま町山崎字赤仁田5555-1,31.8587,130.425217,鹿児島県さつま町山崎
鹿児島県,10000.0,認定設備,鹿児島県.xlsx,A938126H46,鹿児島県出水市高尾野町大久保字尾立4886-1,32.050404,130.319183,鹿児島県出水市高尾野町大久保
鹿児島県,10000.0,認定設備,鹿児島県.xlsx,A938127H46,鹿児島県出水市野田町上名字下橋掛7967-1,32.023293,130.279373,鹿児島県出水市野田町上名
鹿児島県,32000.0,認定設備,鹿児島県.xlsx,A960440846,鹿児島県薩摩郡さつま町広瀬字野下3952-1,31.914431,130.502365,鹿児島県さつま町広瀬
鹿児島県,10000.0,認定設備,鹿児島県.xlsx,AA32384H46,鹿児島県姶良市加治木町日木山字弓削2290,31.745602,130.677475,鹿児島県姶良市加治木町日木山
鹿児島県,7000.0,認定設備,鹿児島県.xlsx,AA32551H46,鹿児島県霧島市国分川内字牛堀1959-1 他30筆,31.717148,130.833099,鹿児島県霧島市国分川内
沖縄県,12000.0,認定設備,沖縄県.xlsx,A516598I47,沖縄県うるま市与那城平宮1,26.352055,127.973541,沖縄県うるま市与那城平宮１番地
沖縄県,6500.0,認定設備,沖縄県.xlsx,A521150I47,沖縄県名護市字二見240-19,26.545179,128.028992,沖縄県名護市二見２４０番地
